dist,bike,car,car_passenger,pt,walk
0.0,0.0011170726733124496,0.10772822668814325,0.008496598405465537,0.0,0.8826581022330788
100.0,0.0012821766324117281,0.11762432614623476,0.00871868967746306,0.0,0.8723748075438904
200.0,0.001504197751199094,0.13079106574581723,0.009146857324053568,8.063814420357556E-5,0.8584772410347266
300.0,0.0018037393631122785,0.14810726917171485,0.009830576850920826,5.655686884328022E-4,0.8396928459258193
400.0,0.002214917704628137,0.17119106030470527,0.01085581396031307,0.001241882380490872,0.8144963256498625
500.0,0.002792564245814435,0.2029635979508057,0.01237902444152241,0.002202519461788462,0.779662293900069
600.0,0.0036068572236667338,0.24805202702255016,0.014738771036675558,0.0035547870896900837,0.7300475576274175
700.0,0.004618293813711239,0.302511143407648,0.020562497881021376,0.005573782813719712,0.6667342820838996
800.0,0.005801864488079288,0.3642373958418428,0.028795000161908467,0.008402493357064063,0.5927632461511053
900.0,0.00713898756747512,0.42360694940505317,0.0384404307345533,0.012145763464714025,0.5186678688282045
1000.0,0.008586611397685955,0.47277004742408607,0.04817417129304404,0.016546707613287522,0.4539224622718965
1100.0,0.010052668203273937,0.511909856861908,0.057216619914827634,0.021298569054506118,0.39952228596548434
1200.0,0.011398601849150317,0.5428317461424015,0.06504399409742066,0.026254373329777873,0.35447128458124966
1300.0,0.012696161568060582,0.5682615667119816,0.07143289000492142,0.0313817006433248,0.31622768107171156
1400.0,0.014104378437251392,0.5908608010727702,0.0762538401695774,0.036604753349196294,0.28217622697120476
1500.0,0.015667817364943416,0.6110160769521538,0.07946463278482303,0.041688756226831,0.25216271667124884
1600.0,0.01732677544823085,0.6284261637732034,0.08107204892515918,0.046332290405615414,0.2268427214477911
1700.0,0.018832240044633502,0.6447509767473962,0.08147714364231362,0.050441754137691974,0.20449788542796465
1800.0,0.019969227935549966,0.6623545105472116,0.08123843130238441,0.05410002528868448,0.18233780492616947
1900.0,0.02061184374126722,0.6819939427443482,0.08076651493174726,0.05744924667002402,0.1591784519126134
2000.0,0.0208241210765409,0.7035689144448501,0.08018591493652193,0.06046598944849005,0.1349550600935971
2100.0,0.020695662216749268,0.7263480984282078,0.07944231997515071,0.06299357142322187,0.11052034795667051
2200.0,0.02027046005706629,0.7490109256178248,0.07839505174929932,0.0649918028791408,0.08733175969666875
2300.0,0.01944910923562108,0.7698565322721338,0.07700579168673911,0.06654970950710537,0.06713885729840056
2400.0,0.018246347817257664,0.78660313314396,0.0751933093948348,0.06772506271291663,0.05223214693103096
2500.0,0.017060857163364196,0.7978063083612081,0.0730793993493462,0.06863010779518487,0.04342332733089684
2600.0,0.016519188863149778,0.8030716801886207,0.07074656729131582,0.06939668711640251,0.04026587654051114
2700.0,0.017276187806452174,0.8030792875773572,0.06838249662351083,0.07012937481261962,0.04113265318006009
2800.0,0.019441074964027884,0.7998435221667797,0.06613105146178391,0.07104060536590934,0.04354374604149909
2900.0,0.022493131616144302,0.7950851904757297,0.06411068739147847,0.07247020636133561,0.045840784155311905
3000.0,0.02588237481940704,0.7900366848556882,0.06245071739130421,0.07443388961763964,0.04719633331596091
3100.0,0.029137451465484677,0.7856743943626363,0.06136469321745908,0.07677064906357894,0.04705281189084089
3200.0,0.032069752799747886,0.7829767376899021,0.06077438988721384,0.07922429005867557,0.04495482956446067
3300.0,0.034433582043983356,0.7823387024929075,0.06052420950827608,0.08173609273651379,0.04096741321831928
3400.0,0.03583506323335101,0.7832757802238303,0.0605318663001345,0.0843803240303042,0.03597696621238001
3500.0,0.036027822941901724,0.7849347206842767,0.06071094021305486,0.08714201775020998,0.031184498410556826
3600.0,0.03527139904563154,0.7863058203200581,0.06087196236789156,0.08989851936718107,0.027652298899237687
3700.0,0.034472699634917954,0.7862802452813213,0.06102045993022578,0.09267077597806762,0.025555819175467297
3800.0,0.034659890325430674,0.7842498136673546,0.061128767466390954,0.09549155664961426,0.024469971891209537
3900.0,0.035698246719516984,0.7806401619493847,0.0612984874208819,0.09820415351850792,0.024158950391708515
4000.0,0.03678289359260969,0.7764171429196215,0.06174488752623768,0.10079502691282757,0.02426004904870368
4100.0,0.03789827351122141,0.7718570910522456,0.06247015168480845,0.10334917475155207,0.02442530900017257
4200.0,0.04006289672730096,0.7666210631108921,0.06335490788575691,0.10557807667249208,0.02438305560355798
4300.0,0.04299890439588479,0.7613000504632838,0.06428442104774217,0.10738091443948745,0.02403570965360174
4400.0,0.04586363162709011,0.756382255949944,0.06505026928906851,0.1089911037156367,0.02371273941826067
4500.0,0.047634202918540536,0.7523039726091972,0.06558106265538127,0.11062553743778991,0.023855224379090992
4600.0,0.047928238636960226,0.7494811726780978,0.06601648191568085,0.1121553339700527,0.024418772799208566
4700.0,0.047364433749420384,0.7478170851326401,0.06640413466711524,0.11348381160842314,0.024930534842401136
4800.0,0.04736590188018424,0.7464452426836826,0.06672548006117468,0.11454088172865494,0.024922493646303667
4900.0,0.04825029467078588,0.7448973401974015,0.06710030699528453,0.11543285305236382,0.024319205084164356
5000.0,0.049316954333184074,0.7436119906825651,0.06742433312282523,0.1163147441827178,0.023331977678707674
5100.0,0.04913363395019991,0.7437106710136295,0.06770427473048071,0.1173252372238743,0.022126183081815326
5200.0,0.04733049324482539,0.7456019884892128,0.0679873256635171,0.11852902293862573,0.02055116966381901
5300.0,0.04480431297304112,0.7486815146871689,0.06821616134447375,0.11967493932504458,0.018623071670271545
5400.0,0.04259410543973244,0.7520262047187998,0.0683855883627453,0.12038246852266078,0.016611632956061786
5500.0,0.04009947457589716,0.7555501315361733,0.06860357552600274,0.12082585232222304,0.014920966039703757
5600.0,0.03700968708246402,0.7588544078917324,0.06880765729178631,0.12148450189501774,0.013843745838999602
5700.0,0.0335287912915697,0.7616363269538268,0.06887191070323095,0.12249823718242224,0.013464733868950335
5800.0,0.03018289314972196,0.7638567050354695,0.06873698400486744,0.12369560006736789,0.013527817742573181
5900.0,0.027840546939015647,0.7652584789156135,0.06838895624413016,0.12476385747768055,0.0137481604235601
6000.0,0.027151563570478567,0.7653943232657079,0.06793378899319585,0.1255368368222281,0.01398348734838953
6100.0,0.027671876854173008,0.764478127722249,0.06757604580317757,0.12616523060613283,0.014108719014267525
6200.0,0.02887167471018614,0.7630820397195104,0.06727453758071597,0.1267669272774537,0.014004820712133804
6300.0,0.03030377582776404,0.7618242419510594,0.06693188082773036,0.12718708251773053,0.013753018875715615
6400.0,0.03163830893747549,0.7608942278265427,0.06641274658526651,0.12728205224867215,0.013772664402043085
6500.0,0.032669482055268366,0.760324919766139,0.06575423627052103,0.12681932241585075,0.014432039492220619
6600.0,0.03320014870127275,0.7599951122707289,0.06514930543218492,0.1258609059357009,0.015794527660112617
6700.0,0.033387246634436867,0.7595326493095536,0.06476784105925981,0.12487421844754514,0.017438044549204713
6800.0,0.03390625914029637,0.7585127063298023,0.06444620191372834,0.12416948061250965,0.018965352003663255
6900.0,0.035564448637407375,0.7566592443353122,0.06391421767924349,0.1235257634680563,0.020336325879980712
7000.0,0.03891208172861489,0.7536926373571573,0.06303249873397138,0.12287180495600257,0.021490977224253867
7100.0,0.043798814990083805,0.7495490461441674,0.06199534843782005,0.12239668983537998,0.022260100592548748
7200.0,0.04939536107350515,0.7446821042464359,0.06107407114778693,0.12237143456530278,0.02247702896696923
7300.0,0.05489176442851047,0.7399586298481989,0.06030238590482159,0.12283960231050363,0.02200761750796537
7400.0,0.05998033210311236,0.7358225535608024,0.05960797895474131,0.12366404925391812,0.020925086127425864
7500.0,0.06470446738097785,0.7322936913767433,0.05892081476881067,0.12460622159100515,0.019474804882463063
7600.0,0.06899018557393675,0.7290204776241099,0.05823306247665218,0.1256880753210026,0.01806819900429846
7700.0,0.07250888005309736,0.7260197295148005,0.05774038776299553,0.1268538032965949,0.016877199372511538
7800.0,0.07474145377368518,0.7236275719315785,0.05762981212542657,0.1281629204855924,0.015838241683717315
7900.0,0.07524463466204763,0.7222447504283179,0.05803566032726845,0.12971740818430433,0.014757546398061578
8000.0,0.074259684492602,0.7219440004940019,0.05881650605195741,0.1313470314179572,0.01363277754348143
8100.0,0.07217229590795948,0.7224661093516629,0.05981935290865942,0.13295877923171942,0.012583462599998768
8200.0,0.0692359930855418,0.7234617917968357,0.06100061658242598,0.1345621240216419,0.011739474513554723
8300.0,0.06536168421845019,0.7249190332697367,0.06242227006138289,0.13606073553326078,0.011236276917169361
8400.0,0.0604386482506671,0.7272755797349081,0.06411098032998376,0.13701715417178711,0.01115763751265395
8500.0,0.05466730102612677,0.7307298717144305,0.06591047669954085,0.137288468538249,0.011403882021652838
8600.0,0.04868171423922531,0.734810012458502,0.06772856562032203,0.1370545355325116,0.011725172149439037
8700.0,0.04307632651300415,0.7388874038654338,0.06945458786877148,0.1366688808516547,0.011912800901135752
8800.0,0.03820341998542955,0.7423671912172756,0.0708319891841216,0.13649268773996645,0.012104711873206858
8900.0,0.03465021546538226,0.7446717988270591,0.07184175666995604,0.13640922515002127,0.012427003887581304
9000.0,0.032663806629372634,0.7457304190206216,0.0725995157086343,0.13627427698954514,0.012731981651826402
9100.0,0.03237189788065744,0.7454336939215116,0.07338318873269503,0.13604465132691224,0.012766568138223773
9200.0,0.033760247818648434,0.7438979967670049,0.07421452495394282,0.13560213431223833,0.0125250961481655
9300.0,0.035973116266804564,0.7415313221385509,0.07511710021258802,0.13497151144849204,0.012406949933564577
9400.0,0.0382478028796897,0.7387031259441397,0.07615856457852936,0.13408385280322038,0.012806653794421006
9500.0,0.039993486482476706,0.7356490943804995,0.07730406617104928,0.1331667273567743,0.013886625609200304
9600.0,0.040875889402432995,0.7330100675625276,0.07844406470563722,0.1321752220502994,0.015494756279102625
9700.0,0.04097765900438568,0.7311785009012761,0.07943848443123014,0.13108987937661573,0.017315476286492236
9800.0,0.040286250919738024,0.7304403615802963,0.08031847342413258,0.12989086983951023,0.01906404423632268
9900.0,0.03870724877416026,0.730825117936256,0.08112532080401638,0.12873612121127245,0.0206061912742948
10000.0,0.03656983032588034,0.7318597900448885,0.0818026544759631,0.12793475575457028,0.021832969398697593
10100.0,0.03460651788285173,0.7329285502750309,0.08229747388613447,0.12767872329048066,0.022488734665502347
10200.0,0.033952872410633925,0.7333929088567577,0.082483113774444,0.12796327615000985,0.022207828808154507
10300.0,0.034992285772971435,0.7331627557019829,0.08238841135840978,0.12855383670439255,0.02090271046224334
10400.0,0.037376246161972604,0.7325443160484624,0.082184178644413,0.12900053581913765,0.018894723326014485
10500.0,0.04036494270211013,0.7316576492267206,0.08210688190498559,0.12917724918273799,0.016693276983445797
10600.0,0.0435667690493345,0.7305458939559638,0.08215042198172821,0.1292116909925739,0.014525224020399527
10700.0,0.046531407902885256,0.7295716099739438,0.08206820180926307,0.12933010397058994,0.012498676343318126
10800.0,0.048845271392902914,0.7294844440225385,0.08179106862934096,0.12915284910509087,0.010726366850126717
10900.0,0.05001292443294149,0.7306842334949862,0.08142951164914065,0.12851764674710003,0.009355683675831486
11000.0,0.04938237079480278,0.7331905136034998,0.08122086192026245,0.12771570737091734,0.008490546310517535
11100.0,0.046694403997423396,0.7368207786549344,0.08124024328499409,0.12712334895436253,0.008121225108285434
11200.0,0.04257181468546012,0.7407050772593142,0.08162197436427525,0.12689629735132674,0.008204836339623713
11300.0,0.03828127672240834,0.7438003490252254,0.08245327430475341,0.12681237322860828,0.00865272671900469
11400.0,0.03465777817715345,0.745599862567785,0.08359378022008554,0.1266950828646764,0.009453496170299638
11500.0,0.03139367871071957,0.7465615049838441,0.08482176487485092,0.12660186362593934,0.010621187804646222
11600.0,0.028265687333884515,0.7470144960954701,0.08602879761706651,0.12674909878589072,0.011941920167688132
11700.0,0.02542184285789552,0.7469003668580095,0.08728493891185962,0.1273544445917188,0.01303840678051646
11800.0,0.02327353671792206,0.7462812113070757,0.08866175590530986,0.12811010528859157,0.013673390781100797
11900.0,0.02222025290228653,0.7454861551538396,0.08997246078229099,0.1285281087101328,0.013793022451450176
12000.0,0.021965409430882946,0.7447880628283776,0.0912951539746103,0.12836483464616352,0.013586539119965536
12100.0,0.02211933019391386,0.7443730621256894,0.09263953733501178,0.12769307452424442,0.013174995821140281
12200.0,0.02230199297515522,0.7446805307334426,0.09390183655732562,0.12664671722204515,0.012468922512031359
12300.0,0.022756315872743824,0.745603437187174,0.09483290367875653,0.12535022628555154,0.011457116975773993
12400.0,0.02415162326477924,0.745956009533368,0.09564776777450505,0.1238323666733409,0.010412232754006863
12500.0,0.026456543113892762,0.745520236274311,0.09666898700049607,0.12181551288566533,0.009538720725634964
12600.0,0.02872280919040971,0.7448744594956414,0.09809320104788681,0.11931264929681536,0.008996880969246873
12700.0,0.03015321929704801,0.7446753790582961,0.09963740806518041,0.11674258196967617,0.00879141160979926
12800.0,0.03046800254001326,0.7451859514859962,0.10122037938374419,0.1144915558451792,0.008634110745066917
12900.0,0.030081258870559992,0.7459617108263495,0.1030056234493467,0.11264535267485744,0.008306054178886276
13000.0,0.02956614241606624,0.7467669578297286,0.10483834684950216,0.11100647730216533,0.007822075602537644
13100.0,0.029201676466572256,0.7474227987872599,0.10650927073726177,0.1096019977910457,0.0072642562178602986
13200.0,0.028643132624235196,0.747755142871042,0.10828535614114293,0.10837318583485778,0.006943182528722024
13300.0,0.02771346958140982,0.7474063039605099,0.11028354351835627,0.10736610375710477,0.007230579182619297
13400.0,0.02645592640049496,0.7462863964771763,0.11248224716596374,0.1067273264388268,0.008048103517538171
13500.0,0.025368500093380097,0.7444981925634653,0.11443241113061053,0.10655174099405212,0.009149155218491965
13600.0,0.024754485257351893,0.7424772614300904,0.11592962305797933,0.10658828009397607,0.010250350160602311
13700.0,0.024275910637143742,0.7411362418276772,0.11707420578740996,0.10632155530806482,0.011192086439704142
13800.0,0.023610172846604247,0.740808825965101,0.11807738453170201,0.10553452462559265,0.011969092031000031
13900.0,0.022481940603473905,0.7413965807069878,0.11874475234570676,0.10474314882322165,0.012633577520609876
14000.0,0.02094816288167109,0.7424455889344528,0.11922908896643385,0.10439137750658906,0.012985781710853123
14100.0,0.019409766093872596,0.7437907156618997,0.11977931148834471,0.1042161717188644,0.012804035037018444
14200.0,0.01824331493262581,0.7456464638076019,0.1203155945437119,0.1037985430940253,0.011996083622034958
14300.0,0.017796295635983315,0.7477018104290922,0.12076139403457094,0.1029689033483895,0.010771596551964007
14400.0,0.018576017752383097,0.7490350421896086,0.1210451821382509,0.10173956214488834,0.009604195774869201
14500.0,0.021290085924234578,0.748258836952977,0.12112779856423662,0.10032734241433786,0.00899593614421401
14600.0,0.02535761420185403,0.7455840738944749,0.12114822144651954,0.09905774801798381,0.008852342439167686
14700.0,0.029571175724302897,0.7425266449432969,0.12115198276009867,0.09791894886769038,0.00883124770461111
14800.0,0.03299164022852839,0.7403431946626982,0.12119048849619868,0.09681548243701574,0.008659194175559097
14900.0,0.0358580318704045,0.7388564863075313,0.12127676508635078,0.09568570560625919,0.008323011129454197
15000.0,0.03922467679277402,0.7373075105124172,0.12107108038518782,0.09452831867420791,0.007868413635413
15100.0,0.04256761720654476,0.7360016781334736,0.12030259905892184,0.09371443488547379,0.007413670715586089
15200.0,0.04477356071999422,0.7353362488926544,0.11932679738566948,0.09357978283345453,0.006983610168227404
15300.0,0.04513660796868923,0.7358001508659677,0.118573554572616,0.09394830915305702,0.00654137743966995
15400.0,0.044023245963286994,0.7372953960333412,0.11817400566610928,0.09453094322172924,0.005976409115533491
15500.0,0.04268150241252403,0.739210814148942,0.11777869303948268,0.09500168727904447,0.005327303120006872
15600.0,0.04230408638606286,0.7407383063282725,0.11699479279027886,0.09524750793998177,0.004715306555404
15700.0,0.04267289656159745,0.7419023436394008,0.11589205886608424,0.0951719102751002,0.004360790657817422
15800.0,0.0424248861280815,0.7436271744630267,0.11490878284453297,0.0947757617579572,0.004263394806401554
15900.0,0.04082416139938983,0.7463720915308105,0.11443516903230763,0.09410481997327103,0.004263758064221152
16000.0,0.038239192335569126,0.7496517233635274,0.11445367908918115,0.09344015622153982,0.004215248990182519
16100.0,0.03590921040523186,0.7521661456407931,0.11467156599169294,0.09313297940399709,0.0041200985582851585
16200.0,0.034621772449134176,0.7537939828857717,0.11454599505633628,0.09295010049288205,0.004088149115875865
16300.0,0.03329623961097937,0.7556203757889964,0.11410216275482013,0.09275044991501595,0.0042307719301880355
16400.0,0.03149152941170358,0.7576314679766021,0.11368472224254982,0.09261727481740345,0.004575005551741093
16500.0,0.02943686031977546,0.7593081754141203,0.11344745522727255,0.09271834940801899,0.005089159630812512
16600.0,0.0276672444946743,0.7602144912987867,0.11329538095397795,0.09321041888805594,0.005612464364505224
16700.0,0.026423960106479332,0.760740261963441,0.1127577578151972,0.09402800484037718,0.006050015274505216
16800.0,0.02539627434097093,0.7616858504508928,0.1115605870366376,0.09500159299903739,0.006355695172461451
16900.0,0.024241107492257774,0.7635245936073848,0.10988905978896438,0.09581551307764834,0.006529726033744663
17000.0,0.02292727146091785,0.765987383286424,0.10836880126871173,0.09616966675718128,0.0065468772267651305
17100.0,0.021276945013835907,0.7687768115680943,0.10731694005464415,0.09627259030751013,0.0063567130559155985
17200.0,0.019209939753011485,0.7716136628614606,0.10650280564382196,0.09670496752024679,0.005968624221459112
17300.0,0.017036245708597058,0.7744635855028265,0.1056692492881613,0.09737131096078723,0.005459608539627842
17400.0,0.015182021547239301,0.7773793675287873,0.10447172145960489,0.09783372048738566,0.0051331689769827365
17500.0,0.013895560105117971,0.7801405127889535,0.10274097816424409,0.09794091682190247,0.005282032119781957
17600.0,0.013303121179048956,0.7821840543212827,0.1007282287591092,0.09783807371519794,0.005946522025361386
17700.0,0.013656269358900153,0.7831570093988379,0.09860833404057365,0.09761862423484045,0.006959762966848048
17800.0,0.015102491545271763,0.7830247074869698,0.09638568614641586,0.09739133182500213,0.008095782996340464
17900.0,0.017115828466849947,0.7822852072366681,0.09439548096470508,0.0969415566911536,0.009261926640623338
18000.0,0.019056963791403793,0.7812843035152682,0.09293812440591599,0.09636683999486509,0.010353768292547234
18100.0,0.020502501881163326,0.7804292197009474,0.09200524106418116,0.09582841292376974,0.011234624429938424
18200.0,0.021275722439106703,0.7800426623374555,0.09161153152135415,0.09533283046232545,0.01173725323975838
18300.0,0.0212741132160871,0.7804750150458771,0.09164995943261052,0.09484387578791066,0.011757036517514526
18400.0,0.020651783543456443,0.7813825105168629,0.09211114988038895,0.09453422669427658,0.011320329365015144
18500.0,0.019611468357648626,0.782778367309422,0.09283163467139786,0.09420824771542963,0.010570281946102149
18600.0,0.018469081089187014,0.7845188842093637,0.09331407893536423,0.09400448898262255,0.009693466783462609
18700.0,0.017928436219171947,0.7863565647036453,0.0931519567692176,0.09383801339901215,0.008725028908952917
18800.0,0.019076755435845562,0.7872926547923595,0.09228003614269305,0.09371455440029332,0.007635999228808577
18900.0,0.022432879037562373,0.7868759454600656,0.09049097697823122,0.09364992434605612,0.006550274178084787
19000.0,0.027931391181044533,0.7847824398379324,0.08785953022795816,0.09372819980524619,0.0056984389478186084
19100.0,0.03481091211658621,0.7811619339302216,0.08495735750223928,0.0938178424876644,0.00525195396328864
19200.0,0.04222088416017223,0.7768298300692743,0.08203321567796323,0.09381510836852386,0.005100961724066311
19300.0,0.049739573053302705,0.7725333057622892,0.07931844619213638,0.09322080541439381,0.005187869577877928
19400.0,0.057051444818236714,0.7683249810856594,0.07700645790380654,0.09204419847761591,0.005572917714681526
19500.0,0.06350479185929452,0.7644946284113596,0.07515665393783696,0.09057104967580693,0.006272876115702017
19600.0,0.06824954597457568,0.7614316091338241,0.07383005837073618,0.08909367438091484,0.007395112139948968
19700.0,0.0703093488868993,0.760023614444965,0.07293699169153478,0.08767228239742596,0.009057762579174894
19800.0,0.06916792749425549,0.7607046143129138,0.07259029670608122,0.08643180351216335,0.011105357974586217
19900.0,0.06542291868820355,0.7632279228616387,0.07259544173821512,0.08528959278149488,0.01346412393044777
20000.0,0.06008301823787432,0.767117911077438,0.07268386780317532,0.08420255445321502,0.01591264842829734
20100.0,0.053703509656960115,0.7724568464378888,0.0724450199829089,0.08343732487655046,0.017957299045691752
20200.0,0.046788058437828926,0.7788798296316346,0.071921032780498,0.08319870479493272,0.019212374355105682
20300.0,0.03961940740312146,0.786003616064433,0.07134698855870943,0.08347269682726623,0.01955729114646987
20400.0,0.03271912814840039,0.7935674159810612,0.07073107356212813,0.08393191293863186,0.01905046936977837
20500.0,0.02696537684389867,0.8012042459634486,0.06984411212053625,0.08405754565427413,0.017928719417842232
20600.0,0.022779499167966184,0.8083943341335117,0.06849356871799021,0.08402989846226794,0.016302699518263943
20700.0,0.020532500952838744,0.8145714280249315,0.06679391646815037,0.08398083395676845,0.014121320597310904
20800.0,0.02048261246087376,0.8188761078622679,0.06523569077502812,0.08381526345862882,0.01159032544320125
20900.0,0.022491518057559733,0.8203746868100854,0.06426281852091119,0.08384320079443608,0.00902777581700764
21000.0,0.02605106674408107,0.8190606858754287,0.06386920072708992,0.08423332018537047,0.006785726468029864
21100.0,0.03045843758140659,0.8160530358831578,0.06338993327447509,0.08471418668095777,0.005384406580002694
21200.0,0.034928433532778774,0.8127437266984907,0.0626679102856702,0.08495577697905517,0.004704152504005189
21300.0,0.03886083392023831,0.8099247823944364,0.06208336817958227,0.08477146879454708,0.004359546711195936
21400.0,0.04204816791512725,0.8080150568427272,0.061721098220956956,0.08408969778265758,0.004125979238531002
21500.0,0.044738088184108724,0.8066535917313076,0.06142866173886842,0.08321718694570815,0.003962471400007214
21600.0,0.04677336859911188,0.8063658880527188,0.06088425734983094,0.08211347456028006,0.0038630114380583764
21700.0,0.04727273708109117,0.8080723915533143,0.059898286641217394,0.08093227843440425,0.003824306289972868
21800.0,0.04562364365275893,0.8120591589855434,0.058391805508603824,0.08008801577477073,0.0038373760783232307
21900.0,0.04220488997909592,0.8177555041159891,0.056562434149491,0.07953790920843597,0.003939262546987999
22000.0,0.0378957402698647,0.8239370867650396,0.05475532729552405,0.07929418814746564,0.004117657522105817
22100.0,0.03350032496700996,0.8293163663334253,0.053343140006976694,0.07953372035072111,0.00430644834186696
22200.0,0.029073637514179202,0.8340634238727332,0.05221849392588622,0.0801600992630886,0.004484345424112867
22300.0,0.024461436364219397,0.8389153749162482,0.0512846257400105,0.08068391761519693,0.004654645364324875
22400.0,0.0198854713648851,0.8435629946699768,0.050706703183393466,0.08108592187651982,0.004758908905224897
22500.0,0.01582160551515609,0.8471180951420751,0.05064720100032881,0.08149711558798604,0.004915982754453805
22600.0,0.012925357362706863,0.8490441098413982,0.050915387870508505,0.08197892585725901,0.00513621906812732
22700.0,0.011605950423028883,0.8493312359041337,0.051416564179020706,0.08224180982822425,0.005404439665592271
22800.0,0.011109804809352591,0.8491001894896213,0.052084034937962057,0.08200489103331449,0.005701079729749497
22900.0,0.010805749739027624,0.8489983083339526,0.05276654609862622,0.08153740247941524,0.005891993348978381
23000.0,0.010829951171090204,0.8487671351881133,0.052917076712910446,0.08140098783849223,0.006084849089393764
23100.0,0.011280054202878514,0.8481448948546407,0.052210891480524414,0.08178308960993008,0.0065810698520263255
23200.0,0.012103295234280817,0.8466680589381649,0.05087837018880015,0.08269578296798731,0.0076544926707669365
23300.0,0.013029377570862446,0.8441436533232248,0.04944630988141028,0.08391549722626505,0.009465161998237343
23400.0,0.013817059938346234,0.8413117980796947,0.04821095528110316,0.08499288631217324,0.011667300388682638
23500.0,0.01439593579688325,0.838943080169183,0.04736669103939402,0.08520399181450422,0.014090301180035599
23600.0,0.014828915323160231,0.8358924008171464,0.047171897929728174,0.08497369781383456,0.017133088116130672
23700.0,0.01542633987385438,0.8309625784028299,0.04725790367546117,0.08504173062387602,0.021311447423978568
23800.0,0.016357650104135965,0.8242463190272777,0.04708833461402276,0.08529272856979768,0.027014967684765863
23900.0,0.017452339570831123,0.8167394071559464,0.04656048109790646,0.08525475584646912,0.03399301632884693
24000.0,0.01815378951321282,0.8097180715205116,0.04590579867133323,0.08484572168100583,0.04137661861393649
24100.0,0.018401686627651164,0.8042889554661493,0.045375070356633955,0.08431812225264382,0.04761616529692188
24200.0,0.018767877531863916,0.8004655662389334,0.04504945210801703,0.08397713660752398,0.05173996751366163
24300.0,0.019313741570120963,0.7982468777707445,0.04449925849709243,0.0843275217462143,0.05361260041582792
24400.0,0.019983939220765145,0.7976553144135533,0.04322705244629372,0.08561860575972649,0.0535150881596614
24500.0,0.020779925257745035,0.7980638859779492,0.041867839853649044,0.08771598370222367,0.05157236520843315
24600.0,0.02174554015382033,0.7994417004667894,0.04112149719872956,0.09002987581767033,0.047661386362990506
24700.0,0.022555731599089093,0.8024380232105662,0.04108212187218977,0.09206843363374721,0.041855689684407615
24800.0,0.023317197900077066,0.8066750710155733,0.04160840112127629,0.09363746722333502,0.03476186273973831
24900.0,0.024762088031602666,0.8107999029026735,0.0422605824540997,0.09488390757726485,0.027293519034359393
25000.0,0.027681164726293485,0.8135130466021078,0.04247223668779798,0.09557535394014653,0.020758198043654336
25100.0,0.032522930757452155,0.8142052554595612,0.04212449911014952,0.09518162899148246,0.015965685681354584
25200.0,0.03953809827770628,0.8122295752301563,0.04145615495950628,0.09384738517357327,0.01292878635905781
25300.0,0.049663668772581396,0.8069951130888281,0.04058494182783172,0.09183259261546699,0.010923683695291994
25400.0,0.06653081999485613,0.7957824698893564,0.03947611152630223,0.0887269413265428,0.009483657262942301
25500.0,0.09642540881488533,0.7728904639148912,0.03775009610351271,0.08450185623211,0.008432174934600816
25600.0,0.14147521171673802,0.7359762801041668,0.035172479439647776,0.07972084448996136,0.007655184249485999
25700.0,0.1972355089778602,0.6885194353486173,0.032340587888114454,0.07478981360370958,0.007114654181698509
25800.0,0.25443327627104173,0.6389567814452973,0.02961446225584758,0.07019090497910505,0.006804575048708178
25900.0,0.3044233259584938,0.5958475382508417,0.02713867663011354,0.06605845503326707,0.006532004127283735
26000.0,0.3420423045277434,0.5640615024413519,0.025191109630632737,0.0624998861595753,0.006205197240696598
26100.0,0.3663238991921371,0.5438842641012631,0.02405264850817175,0.05997881015246191,0.005760378045965935
26200.0,0.37770576244927473,0.5346725103623332,0.023491809310148274,0.05876501583820114,0.0053649020400427065
26300.0,0.37637785682551905,0.5364324232566258,0.023304902716314024,0.05873997761114036,0.005144839590400973
26400.0,0.36164446956490615,0.5498320831426832,0.02341567273592304,0.06003355229541391,0.005074222261073612
26500.0,0.33241959017084594,0.5760823262038596,0.023886808925361932,0.06243721137902367,0.005174063320909008
26600.0,0.2896704587173903,0.6142556509766532,0.024874534149533688,0.06578091457276283,0.00541844158365999
26700.0,0.2374456069993919,0.6605231868145597,0.026443874614992716,0.06993517950201641,0.0056521520690392055
26800.0,0.1817683647733217,0.7096233163545411,0.02819536715161026,0.07462453506440969,0.005788416656117427
26900.0,0.13109163655108577,0.7545895513545534,0.029637332225099434,0.0787659211889266,0.005915558680334734
27000.0,0.0928463683466082,0.7887627742840134,0.030340895233493908,0.08179046653881022,0.006259495597074274
27100.0,0.06931384234175203,0.8100197443026904,0.03042775410793142,0.08354797580158786,0.006690683446038218
27200.0,0.056269817208044505,0.8223348137718892,0.030232300963826033,0.08425600789339206,0.006907060162848209
27300.0,0.047696405763127524,0.8301707028313642,0.030437046770689015,0.08483856830418016,0.006857276330639063
27400.0,0.04090066821235695,0.8355879114763008,0.031197128889801397,0.0854698978637365,0.006844393557804336
27500.0,0.0354895874596307,0.8391657826510498,0.032165765953701554,0.08595354053659505,0.007225323399022981
27600.0,0.031547054924707156,0.8409464586538083,0.032683971746439985,0.08673675333067579,0.008085761344368756
27700.0,0.028847516177112856,0.8409686481661269,0.032749359188679196,0.08814761019610633,0.009286866271974666
27800.0,0.026873420222741903,0.8399503158138942,0.032705228030711145,0.08997128806827726,0.010499747864375387
27900.0,0.02524832353860723,0.8388700836747199,0.03286545341618285,0.09134683917970872,0.011669300190781214
28000.0,0.0239421821588456,0.8384286979917422,0.033255862392447995,0.09166278016792444,0.012710477289039684
28100.0,0.022749249750284414,0.8391079182612092,0.033638617489640275,0.09084407747531241,0.013660137023553752
28200.0,0.021470937572026047,0.8406284519707864,0.033625279770777665,0.0897096212138371,0.014565709472572672
28300.0,0.0202645630710796,0.8422925960675155,0.03319809790232658,0.08901949717018705,0.01522524578889139
28400.0,0.019253120997198586,0.8443962048536897,0.032633194545466614,0.08845184639577304,0.015265633207872085
28500.0,0.018018624216755038,0.8470519500144539,0.03262757359637939,0.08765175148806201,0.014650100684349607
28600.0,0.01670172242602106,0.8500808060177363,0.03314799533063349,0.08643235088207211,0.013637125343537043
28700.0,0.015732557383099408,0.8531288279864014,0.03351720681531046,0.08508337775556413,0.01253803005962467
28800.0,0.015091455191651492,0.8560005957566458,0.03331526215924691,0.08418007028742404,0.011412616605031687
28900.0,0.014844158317844447,0.8580508931363363,0.03287651946570037,0.08397078559696462,0.010257643483154274
29000.0,0.014988081788363028,0.8594761251584307,0.032292664265058224,0.08430848533537115,0.008934643452776838
29100.0,0.015258442716101888,0.8611484730854526,0.031432882980351774,0.08448539375868885,0.007674807459404885
29200.0,0.015428738167880091,0.8632098128074801,0.03052531926003928,0.08419811985486514,0.006638009909735273
29300.0,0.01539850519490117,0.8649277847332716,0.029755347751854375,0.08337142095380701,0.006546941366165881
29400.0,0.015307629989517794,0.8664532950443009,0.02913904119707326,0.08254236336164232,0.006557670407465953
29500.0,0.01521282278586632,0.8678573261330496,0.028535696411175034,0.08178132699527019,0.006612827674638864
29600.0,0.015127765570238885,0.8691893014529422,0.027906770822004306,0.08106375267075533,0.006712409484059468
29700.0,0.015016051398160962,0.870540782020444,0.02725553091964436,0.08030974527719666,0.006877890384554073
29800.0,0.014846952581838213,0.8719299748538069,0.026631063657607795,0.07946609158297399,0.00712591732377317
