time,used,free
2026-02-01 15:19:38,2022,1225
2026-02-01 15:20:38,5465,1606
2026-02-01 15:21:38,6684,1667
2026-02-01 15:22:38,7105,1934
2026-02-01 15:23:38,6722,2717
2026-02-01 15:24:38,8354,2245
2026-02-01 15:25:38,8300,2347
2026-02-01 15:26:38,5713,5310
2026-02-01 15:27:38,8169,2926
2026-02-01 15:28:38,6479,4616
2026-02-01 15:29:38,9517,2082
2026-02-01 15:30:38,9147,2452
2026-02-01 15:31:38,7749,3946
2026-02-01 15:32:38,10281,1494
2026-02-01 15:33:38,8689,3086
2026-02-01 15:34:38,8473,6942
2026-02-01 15:35:38,8817,6598
2026-02-01 15:36:38,10285,5130
2026-02-01 15:37:38,12137,3694
2026-02-01 15:38:38,13041,2790
2026-02-01 15:39:38,10288,5543
2026-02-01 15:40:38,13634,2197
2026-02-01 15:41:38,11921,3910
2026-02-01 15:42:38,13521,2310
2026-02-01 15:43:38,8305,7526
2026-02-01 15:44:38,10037,5794
2026-02-01 15:45:38,12937,2894
2026-02-01 15:46:38,7454,8377
2026-02-01 15:47:38,10209,5622
2026-02-01 15:48:38,11949,3882
2026-02-01 15:49:38,13025,2806
2026-02-01 15:50:38,11421,4410
2026-02-01 15:51:38,8947,6884
2026-02-01 15:52:38,9100,6731
2026-02-01 15:53:38,12657,3174
2026-02-01 15:54:38,8289,7542
2026-02-01 15:55:38,13681,2150
2026-02-01 15:56:38,12957,2874
2026-02-01 15:57:38,11637,4194
2026-02-01 15:58:38,12575,3256
2026-02-01 15:59:38,8009,7822
2026-02-01 16:00:38,9760,6071
2026-02-01 16:01:38,12309,3522
2026-02-01 16:02:38,14005,1826
2026-02-01 16:03:38,13329,2502
2026-02-01 16:04:38,10177,5766
2026-02-01 16:05:38,10261,5682
2026-02-01 16:06:38,11217,4726
2026-02-01 16:07:38,12040,3903
2026-02-01 16:08:38,13020,2923
2026-02-01 16:09:38,11460,4483
2026-02-01 16:10:38,8535,7408
2026-02-01 16:11:38,10591,5352
2026-02-01 16:12:38,9159,6784
2026-02-01 16:13:38,12503,3440
2026-02-01 16:14:38,12715,3228
2026-02-01 16:15:38,14139,1804
2026-02-01 16:16:38,7419,8524
2026-02-01 16:17:38,8327,7616
2026-02-01 16:18:38,8495,7448
2026-02-01 16:19:38,9746,6197
2026-02-01 16:20:38,11576,4367
2026-02-01 16:21:38,14055,1888
2026-02-01 16:22:38,9027,6916
2026-02-01 16:23:38,11029,4914
2026-02-01 16:24:38,13051,2892
2026-02-01 16:25:38,9231,6712
2026-02-01 16:26:38,13336,2607
2026-02-01 16:27:38,9670,6273
2026-02-01 16:28:38,13921,2022
2026-02-01 16:29:38,12487,3456
2026-02-01 16:30:38,10012,5931
2026-02-01 16:31:38,10927,5016
2026-02-01 16:32:38,10691,5252
2026-02-01 16:33:38,10101,5842
2026-02-01 16:34:38,14387,1556
2026-02-01 16:35:38,14233,1710
2026-02-01 16:36:38,11973,3970
2026-02-01 16:37:38,11263,4680
2026-02-01 16:38:38,13143,2800
2026-02-01 16:39:38,13325,2618
2026-02-01 16:40:38,9855,6088
2026-02-01 16:41:38,13427,2516
2026-02-01 16:42:38,9780,6163
2026-02-01 16:43:38,9859,6084
2026-02-01 16:44:38,9137,6806
2026-02-01 16:45:38,13123,2820
2026-02-01 16:46:38,11502,4441
2026-02-01 16:47:38,10263,5680
2026-02-01 16:48:38,10313,5630
2026-02-01 16:49:38,12245,3698
2026-02-01 16:50:38,12546,3397
2026-02-01 16:51:38,11667,4276
2026-02-01 16:52:38,10330,5613
2026-02-01 16:53:38,12891,3052
2026-02-01 16:54:38,12897,3046
2026-02-01 16:55:38,10030,5913
2026-02-01 16:56:38,9619,6324
2026-02-01 16:57:38,14083,1860
2026-02-01 16:58:38,12023,3920
2026-02-01 16:59:38,13637,2306
2026-02-01 17:00:38,13361,2582
2026-02-01 17:01:38,13075,2868
2026-02-01 17:02:38,12979,2964
2026-02-01 17:03:38,13887,2056
2026-02-01 17:04:38,10467,5476
2026-02-01 17:05:38,11957,3986
2026-02-01 17:06:38,11379,4564
2026-02-01 17:07:38,9691,6252
2026-02-01 17:08:38,13967,1976
2026-02-01 17:09:38,12543,3400
2026-02-01 17:10:38,11196,4747
2026-02-01 17:11:38,10955,4988
2026-02-01 17:12:38,11088,4855
2026-02-01 17:13:38,14067,1876
2026-02-01 17:14:38,11381,4562
2026-02-01 17:15:38,13949,1994
2026-02-01 17:16:38,12175,3768
2026-02-01 17:17:38,11157,4786
2026-02-01 17:18:38,11977,3966
2026-02-01 17:19:38,13641,2302
2026-02-01 17:20:38,14788,1155
2026-02-01 17:21:38,9971,5972
2026-02-01 17:22:38,14304,1639
2026-02-01 17:23:38,11357,4586
2026-02-01 17:24:38,13045,2898
2026-02-01 17:25:38,12978,2965
2026-02-01 17:26:38,13577,2366
2026-02-01 17:27:38,13549,2394
2026-02-01 17:28:38,14333,1610
2026-02-01 17:29:38,12709,3234
2026-02-01 17:30:38,11038,4905
2026-02-01 17:31:38,12321,3622
2026-02-01 17:32:38,13233,2710
2026-02-01 17:33:38,13447,2496
2026-02-01 17:34:38,12813,3130
2026-02-01 17:35:38,14909,1034
2026-02-01 17:36:38,9722,6221
2026-02-01 17:37:38,11681,4262
2026-02-01 17:38:38,12157,3786
2026-02-01 17:39:38,13113,2830
2026-02-01 17:40:38,11127,4816
2026-02-01 17:41:38,13069,2874
2026-02-01 17:42:38,13821,2122
2026-02-01 17:43:38,9521,6422
2026-02-01 17:44:38,14325,1618
2026-02-01 17:45:38,11954,3989
2026-02-01 17:46:38,10338,5605
2026-02-01 17:47:38,11036,4907
2026-02-01 17:48:38,12894,3049
2026-02-01 17:49:38,13442,2501
2026-02-01 17:50:38,14278,1665
2026-02-01 17:51:38,13638,2305
2026-02-01 17:52:38,12038,3905
2026-02-01 17:53:38,11938,4005
2026-02-01 17:54:38,11754,4189
2026-02-01 17:55:38,12066,3877
2026-02-01 17:56:38,12970,2973
2026-02-01 17:57:38,13338,2605
2026-02-01 17:58:38,14704,1239
2026-02-01 17:59:38,13706,2237
2026-02-01 18:00:38,10678,5265
2026-02-01 18:01:38,11686,4257
2026-02-01 18:02:38,13086,2857
2026-02-01 18:03:38,14908,1035
2026-02-01 18:04:38,13769,2174
2026-02-01 18:05:38,14282,1661
2026-02-01 18:06:38,10478,5465
2026-02-01 18:07:38,12304,3639
2026-02-01 18:08:38,13367,2576
2026-02-01 18:09:38,10967,4976
2026-02-01 18:10:38,12826,3117
2026-02-01 18:11:38,12872,3071
2026-02-01 18:12:38,12031,3912
2026-02-01 18:13:38,11080,4863
2026-02-01 18:14:38,11068,4875
2026-02-01 18:15:38,11812,4131
2026-02-01 18:16:38,11820,4123
2026-02-01 18:17:38,14976,967
2026-02-01 18:18:38,11647,4296
2026-02-01 18:19:38,11776,4167
2026-02-01 18:20:38,13108,2835
2026-02-01 18:21:38,13876,2067
2026-02-01 18:22:38,12354,3589
2026-02-01 18:23:38,12905,3038
2026-02-01 18:24:38,9737,6206
2026-02-01 18:25:38,12646,3297
2026-02-01 18:26:38,11276,4667
2026-02-01 18:27:38,14036,1907
2026-02-01 18:28:38,12326,3617
2026-02-01 18:29:38,12184,3759
2026-02-01 18:30:38,12235,3708
2026-02-01 18:31:38,12689,3254
2026-02-01 18:32:38,13265,2678
2026-02-01 18:33:38,9992,5951
2026-02-01 18:34:38,11949,3994
2026-02-01 18:35:38,8938,7005
2026-02-01 18:36:38,12233,3710
2026-02-01 18:37:38,13900,2043
2026-02-01 18:38:38,13685,2258
2026-02-01 18:39:38,10365,5578
2026-02-01 18:40:38,14486,1457
2026-02-01 18:41:38,14123,1820
2026-02-01 18:42:38,10447,5496
2026-02-01 18:43:38,11251,4692
2026-02-01 18:44:38,10345,5598
2026-02-01 18:45:38,14778,1165
2026-02-01 18:46:38,11055,4888
2026-02-01 18:47:38,11041,4902
2026-02-01 18:48:38,10753,5190
2026-02-01 18:49:38,10802,5141
2026-02-01 18:50:38,12231,3712
2026-02-01 18:51:38,10731,5212
2026-02-01 18:52:38,11823,4120
2026-02-01 18:53:38,13502,2441
2026-02-01 18:54:38,14563,1380
2026-02-01 18:55:38,11192,4751
2026-02-01 18:56:38,12805,3138
2026-02-01 18:57:38,14121,1822
2026-02-01 18:58:38,10966,4977
2026-02-01 18:59:38,12698,3245
2026-02-01 19:00:38,13587,2356
2026-02-01 19:01:38,9833,6110
2026-02-01 19:02:38,12555,3388
2026-02-01 19:03:38,13999,1944
2026-02-01 19:04:38,11131,4812
2026-02-01 19:05:38,13751,2192
2026-02-01 19:06:38,10208,5735
2026-02-01 19:07:38,14289,1654
2026-02-01 19:08:38,9207,6736
2026-02-01 19:09:38,14370,1573
2026-02-01 19:10:38,14399,1544
2026-02-01 19:11:38,13953,1990
2026-02-01 19:12:38,13925,2018
2026-02-01 19:13:38,10490,5453
2026-02-01 19:14:38,11943,4000
2026-02-01 19:15:38,12183,3760
2026-02-01 19:16:38,13634,2309
2026-02-01 19:17:38,11875,4068
2026-02-01 19:18:38,12627,3316
2026-02-01 19:19:38,14275,1668
2026-02-01 19:20:38,12890,3053
2026-02-01 19:21:38,10169,5774
2026-02-01 19:22:38,13059,2884
2026-02-01 19:23:38,13254,2689
2026-02-01 19:24:38,14528,1415
2026-02-01 19:25:38,13283,2660
2026-02-01 19:26:38,13951,1992
2026-02-01 19:27:38,13601,2342
2026-02-01 19:28:38,13794,2149
2026-02-01 19:29:38,10566,5377
2026-02-01 19:30:38,12246,3697
2026-02-01 19:31:38,11196,4747
2026-02-01 19:32:38,11353,4590
2026-02-01 19:33:38,12043,3900
2026-02-01 19:34:38,11599,4344
2026-02-01 19:35:38,12763,3180
2026-02-01 19:36:38,12367,3576
2026-02-01 19:37:38,12291,3652
2026-02-01 19:38:38,13309,2634
2026-02-01 19:39:38,13815,2128
2026-02-01 19:40:38,10475,5468
2026-02-01 19:41:38,11811,4132
2026-02-01 19:42:38,11133,4810
2026-02-01 19:43:38,14795,1148
2026-02-01 19:44:38,11367,4576
2026-02-01 19:45:38,12843,3100
2026-02-01 19:46:38,13743,2200
2026-02-01 19:47:38,11293,4650
2026-02-01 19:48:38,9884,6059
2026-02-01 19:49:38,13409,2534
2026-02-01 19:50:38,13839,2104
2026-02-01 19:51:38,14395,1548
2026-02-01 19:52:38,11803,4140
2026-02-01 19:53:38,12641,3302
2026-02-01 19:54:38,13992,1951
2026-02-01 19:55:38,14141,1802
2026-02-01 19:56:38,12111,3832
2026-02-01 19:57:38,13346,2597
2026-02-01 19:58:38,10777,5166
2026-02-01 19:59:38,14030,1913
2026-02-01 20:00:38,12463,3480
2026-02-01 20:01:38,13207,2736
2026-02-01 20:02:38,13037,2906
2026-02-01 20:03:38,13771,2172
2026-02-01 20:04:38,14759,1184
2026-02-01 20:05:38,11848,4095
2026-02-01 20:06:38,9545,6398
2026-02-01 20:07:38,13745,2198
2026-02-01 20:08:38,12463,3480
2026-02-01 20:09:38,11178,4765
2026-02-01 20:10:38,10327,5616
2026-02-01 20:11:38,10703,5240
2026-02-01 20:12:38,13957,1986
2026-02-01 20:13:38,10343,5600
2026-02-01 20:14:38,14330,1613
2026-02-01 20:15:38,14301,1642
2026-02-01 20:16:38,11292,4651
2026-02-01 20:17:38,9482,6461
2026-02-01 20:18:38,9966,5977
2026-02-01 20:19:38,11900,4043
2026-02-01 20:20:38,13107,2836
2026-02-01 20:21:38,10385,5558
2026-02-01 20:22:38,10329,5614
2026-02-01 20:23:38,10601,5342
2026-02-01 20:24:38,11825,4118
2026-02-01 20:25:38,11516,4427
2026-02-01 20:26:38,10863,5080
2026-02-01 20:27:38,12043,3900
2026-02-01 20:28:38,13559,2384
2026-02-01 20:29:38,12169,3774
2026-02-01 20:30:38,14188,1755
2026-02-01 20:31:38,11253,4690
2026-02-01 20:32:38,11113,4830
2026-02-01 20:33:38,11281,4662
2026-02-01 20:34:38,11753,4190
2026-02-01 20:35:38,13278,2665
2026-02-01 20:36:38,13884,2059
2026-02-01 20:37:38,13615,2328
2026-02-01 20:38:38,12409,3534
2026-02-01 20:39:38,12709,3234
2026-02-01 20:40:38,13729,2214
2026-02-01 20:41:38,11808,4135
2026-02-01 20:42:38,10848,5095
2026-02-01 20:43:38,11208,4735
2026-02-01 20:44:38,11570,4373
2026-02-01 20:45:38,12328,3615
2026-02-01 20:46:38,13978,1965
2026-02-01 20:47:38,14109,1834
2026-02-01 20:48:38,14464,1479
2026-02-01 20:49:38,12710,3233
2026-02-01 20:50:38,12610,3333
2026-02-01 20:51:38,13034,2909
2026-02-01 20:52:38,14550,1393
2026-02-01 20:53:38,13067,2876
2026-02-01 20:54:38,12818,3125
2026-02-01 20:55:38,10446,5497
2026-02-01 20:56:38,11225,4718
2026-02-01 20:57:38,13506,2437
2026-02-01 20:58:38,14310,1633
2026-02-01 20:59:38,14548,1395
2026-02-01 21:00:38,10310,5633
2026-02-01 21:01:38,11566,4377
2026-02-01 21:02:38,11922,4021
2026-02-01 21:03:38,14366,1577
2026-02-01 21:04:38,13636,2307
2026-02-01 21:05:38,9505,6438
2026-02-01 21:06:38,10837,5106
2026-02-01 21:07:38,9858,6085
2026-02-01 21:08:38,14374,1569
2026-02-01 21:09:38,13206,2737
2026-02-01 21:10:38,13207,2736
2026-02-01 21:11:38,13933,2010
2026-02-01 21:12:38,13971,1972
2026-02-01 21:13:38,13228,2715
2026-02-01 21:14:38,12214,3729
2026-02-01 21:15:38,11855,4088
2026-02-01 21:16:38,12063,3880
2026-02-01 21:17:38,12979,2964
2026-02-01 21:18:38,11143,4800
2026-02-01 21:19:38,11898,4045
2026-02-01 21:20:38,12583,3360
2026-02-01 21:21:38,13319,2624
2026-02-01 21:22:38,14363,1580
2026-02-01 21:23:38,11059,4884
2026-02-01 21:24:38,13733,2210
2026-02-01 21:25:38,12207,3736
2026-02-01 21:26:38,12923,3020
2026-02-01 21:27:38,13204,2739
2026-02-01 21:28:38,13882,2061
2026-02-01 21:29:38,10429,5514
2026-02-01 21:30:38,14267,1676
2026-02-01 21:31:38,10851,5092
2026-02-01 21:32:38,12107,3836
2026-02-01 21:33:38,13055,2888
2026-02-01 21:34:38,11057,4886
2026-02-01 21:35:38,14759,1184
2026-02-01 21:36:38,11826,4117
2026-02-01 21:37:38,14775,1168
2026-02-01 21:38:38,14419,1524
2026-02-01 21:39:38,12499,3444
2026-02-01 21:40:38,14568,1375
2026-02-01 21:41:38,13982,1961
2026-02-01 21:42:38,12383,3560
2026-02-01 21:43:38,12667,3276
2026-02-01 21:44:38,14011,1932
2026-02-01 21:45:38,14931,1012
2026-02-01 21:46:38,9775,6168
2026-02-01 21:47:38,14773,1170
2026-02-01 21:48:38,10827,5116
2026-02-01 21:49:38,11729,4214
2026-02-01 21:50:38,13610,2333
2026-02-01 21:51:38,12622,3321
2026-02-01 21:52:38,14629,1314
2026-02-01 21:53:38,10947,4996
2026-02-01 21:54:38,11451,4492
2026-02-01 21:55:38,12403,3540
2026-02-01 21:56:38,14463,1480
2026-02-01 21:57:38,14785,1158
2026-02-01 21:58:38,14510,1433
2026-02-01 21:59:38,13064,2879
2026-02-01 22:00:38,9890,6053
2026-02-01 22:01:38,13674,2269
2026-02-01 22:02:38,10653,5290
2026-02-01 22:03:38,13650,2293
2026-02-01 22:04:38,14097,1846
2026-02-01 22:05:38,8202,7741
2026-02-01 22:06:38,12943,3000
2026-02-01 22:07:38,12311,3632
2026-02-01 22:08:38,11737,4206
2026-02-01 22:09:38,11962,3981
2026-02-01 22:10:38,12790,3153
2026-02-01 22:11:38,11450,4493
2026-02-01 22:12:38,11098,4845
2026-02-01 22:13:38,12256,3687
2026-02-01 22:14:38,12607,3336
2026-02-01 22:15:38,13446,2497
2026-02-01 22:16:38,10802,5141
2026-02-01 22:17:38,14774,1169
2026-02-01 22:18:38,13395,2548
2026-02-01 22:19:38,11637,4306
2026-02-01 22:20:38,11217,4726
2026-02-01 22:21:38,11600,4343
2026-02-01 22:22:38,13157,2786
2026-02-01 22:23:38,13601,2342
2026-02-01 22:24:38,14667,1276
2026-02-01 22:25:38,11465,4478
2026-02-01 22:26:38,11893,4050
2026-02-01 22:27:38,12721,3222
2026-02-01 22:28:38,14129,1814
2026-02-01 22:29:38,14237,1706
2026-02-01 22:30:38,13873,2070
2026-02-01 22:31:38,14389,1554
2026-02-01 22:32:38,10917,5026
2026-02-01 22:33:38,12644,3299
2026-02-01 22:34:38,11859,4084
2026-02-01 22:35:38,12285,3658
2026-02-01 22:36:38,11668,4275
2026-02-01 22:37:38,12955,2988
2026-02-01 22:38:38,13500,2443
2026-02-01 22:39:38,14764,1179
2026-02-01 22:40:38,10141,5802
2026-02-01 22:41:38,14314,1629
2026-02-01 22:42:38,14239,1704
2026-02-01 22:43:38,10555,5388
2026-02-01 22:44:38,13097,2846
2026-02-01 22:45:38,12811,3132
2026-02-01 22:46:38,9588,6355
2026-02-01 22:47:38,13058,2885
2026-02-01 22:48:38,14077,1866
2026-02-01 22:49:38,11192,4751
2026-02-01 22:50:38,13181,2762
2026-02-01 22:51:38,14333,1610
2026-02-01 22:52:38,14917,1026
2026-02-01 22:53:38,13605,2338
2026-02-01 22:54:38,14609,1334
2026-02-01 22:55:38,11213,4730
2026-02-01 22:56:38,12329,3614
2026-02-01 22:57:38,14948,995
2026-02-01 22:58:38,11109,4834
2026-02-01 22:59:38,10461,5482
2026-02-01 23:00:38,10653,5290
2026-02-01 23:01:38,11741,4202
2026-02-01 23:02:38,10148,5795
2026-02-01 23:03:38,11188,4755
2026-02-01 23:04:38,9835,6108
2026-02-01 23:05:38,13871,2072
2026-02-01 23:06:38,12517,3426
2026-02-01 23:07:38,11057,4886
2026-02-01 23:08:38,10229,5714
2026-02-01 23:09:38,10461,5482
2026-02-01 23:10:38,14137,1806
2026-02-01 23:11:38,13983,1960
2026-02-01 23:12:38,10298,5645
2026-02-01 23:13:38,13622,2321
2026-02-01 23:14:38,13916,2027
2026-02-01 23:15:38,11176,4767
2026-02-01 23:16:38,12561,3382
2026-02-01 23:17:38,12665,3278
2026-02-01 23:18:38,12724,3219
2026-02-01 23:19:38,14122,1821
2026-02-01 23:20:38,11262,4681
2026-02-01 23:21:38,12234,3709
2026-02-01 23:22:38,13354,2589
2026-02-01 23:23:38,14556,1387
2026-02-01 23:24:38,9539,6404
2026-02-01 23:25:38,14194,1749
2026-02-01 23:26:38,13682,2261
2026-02-01 23:27:38,10942,5001
2026-02-01 23:28:38,11387,4556
2026-02-01 23:29:38,14617,1326
2026-02-01 23:30:38,13662,2281
2026-02-01 23:31:38,12613,3330
2026-02-01 23:32:38,12921,3022
2026-02-01 23:33:38,13868,2075
2026-02-01 23:34:38,13158,2785
2026-02-01 23:35:38,13898,2045
2026-02-01 23:36:38,12156,3787
2026-02-01 23:37:38,13054,2889
2026-02-01 23:38:38,13926,2017
2026-02-01 23:39:38,11408,4535
2026-02-01 23:40:38,9929,6014
2026-02-01 23:41:38,14449,1494
2026-02-01 23:42:38,10582,5361
2026-02-01 23:43:38,10787,5156
2026-02-01 23:44:38,12583,3360
2026-02-01 23:45:38,12588,3355
2026-02-01 23:46:38,14286,1657
2026-02-01 23:47:38,11598,4345
2026-02-01 23:48:38,12806,3137
2026-02-01 23:49:38,13578,2365
2026-02-01 23:50:38,11466,4477
2026-02-01 23:51:38,13100,2843
2026-02-01 23:52:38,11135,4808
2026-02-01 23:53:38,13114,2829
2026-02-01 23:54:38,13710,2233
2026-02-01 23:55:38,14238,1705
2026-02-01 23:56:38,11994,3949
2026-02-01 23:57:38,14296,1647
2026-02-01 23:58:38,9898,6045
2026-02-01 23:59:38,11002,4941
2026-02-02 00:00:38,11614,4329
2026-02-02 00:01:38,14686,1257
2026-02-02 00:02:38,12528,3415
2026-02-02 00:03:38,11991,3952
2026-02-02 00:04:38,10204,5739
2026-02-02 00:05:38,11840,4103
2026-02-02 00:06:38,10481,5462
2026-02-02 00:07:38,14154,1789
2026-02-02 00:08:38,13442,2501
2026-02-02 00:09:38,13830,2113
2026-02-02 00:10:38,13898,2045
2026-02-02 00:11:38,12862,3081
2026-02-02 00:12:38,13543,2400
2026-02-02 00:13:38,10879,5064
2026-02-02 00:14:38,12830,3113
2026-02-02 00:15:38,11602,4341
2026-02-02 00:16:38,11979,3964
2026-02-02 00:17:38,11259,4684
2026-02-02 00:18:38,11472,4471
2026-02-02 00:19:38,12750,3193
2026-02-02 00:20:38,12449,3494
2026-02-02 00:21:38,11922,4021
2026-02-02 00:22:38,13004,2939
2026-02-02 00:23:38,14967,976
2026-02-02 00:24:38,11176,4767
2026-02-02 00:25:38,13170,2773
2026-02-02 00:26:38,14595,1348
2026-02-02 00:27:38,11994,3949
2026-02-02 00:28:38,11765,4178
2026-02-02 00:29:38,12862,3081
2026-02-02 00:30:38,12044,3899
2026-02-02 00:31:38,11546,4397
2026-02-02 00:32:38,11722,4221
2026-02-02 00:33:38,13134,2809
2026-02-02 00:34:38,11621,4322
2026-02-02 00:35:38,15029,914
2026-02-02 00:36:38,13898,2045
2026-02-02 00:37:38,10786,5157
2026-02-02 00:38:38,11842,4101
2026-02-02 00:39:38,13027,2916
2026-02-02 00:40:38,11522,4421
2026-02-02 00:41:38,14290,1653
2026-02-02 00:42:38,12094,3849
2026-02-02 00:43:38,12450,3493
2026-02-02 00:44:38,14118,1825
2026-02-02 00:45:38,13684,2259
2026-02-02 00:46:38,13592,2351
2026-02-02 00:47:38,13558,2385
2026-02-02 00:48:38,13986,1957
2026-02-02 00:49:38,14666,1277
2026-02-02 00:50:38,11969,3974
2026-02-02 00:51:38,10863,5080
2026-02-02 00:52:38,10945,4998
2026-02-02 00:53:38,14311,1632
2026-02-02 00:54:38,13894,2049
2026-02-02 00:55:38,11606,4337
2026-02-02 00:56:38,11299,4644
2026-02-02 00:57:38,13895,2048
2026-02-02 00:58:38,14420,1523
2026-02-02 00:59:38,12318,3625
2026-02-02 01:00:38,11681,4262
2026-02-02 01:01:38,11354,4589
2026-02-02 01:02:38,13694,2249
2026-02-02 01:03:38,10266,5677
2026-02-02 01:04:38,10646,5297
2026-02-02 01:05:38,11948,3995
2026-02-02 01:06:38,12554,3389
2026-02-02 01:07:38,11338,4605
2026-02-02 01:08:38,10492,5451
2026-02-02 01:09:38,10819,5124
2026-02-02 01:10:38,11954,3989
2026-02-02 01:11:38,11842,4101
2026-02-02 01:12:38,14150,1793
2026-02-02 01:13:38,10386,5557
2026-02-02 01:14:38,11982,3961
2026-02-02 01:15:38,11974,3969
2026-02-02 01:16:38,13098,2845
2026-02-02 01:17:38,14861,1082
2026-02-02 01:18:38,13460,2483
2026-02-02 01:19:38,14010,1933
2026-02-02 01:20:38,14679,1264
2026-02-02 01:21:38,14355,1588
2026-02-02 01:22:38,14698,1245
2026-02-02 01:23:38,11211,4732
2026-02-02 01:24:38,11316,4627
2026-02-02 01:25:38,13182,2761
2026-02-02 01:26:38,12539,3404
2026-02-02 01:27:38,12601,3342
2026-02-02 01:28:38,13941,2002
2026-02-02 01:29:38,12081,3862
2026-02-02 01:30:38,9793,6150
2026-02-02 01:31:38,12827,3116
2026-02-02 01:32:38,11371,4572
2026-02-02 01:33:38,11903,4040
2026-02-02 01:34:38,12699,3244
2026-02-02 01:35:38,12030,3913
2026-02-02 01:36:38,13615,2328
2026-02-02 01:37:38,14679,1264
2026-02-02 01:38:38,14074,1869
2026-02-02 01:39:38,11407,4536
2026-02-02 01:40:38,10687,5256
2026-02-02 01:41:38,11640,4303
2026-02-02 01:42:38,13331,2612
2026-02-02 01:43:38,12695,3248
2026-02-02 01:44:38,13003,2940
2026-02-02 01:45:38,13995,1948
2026-02-02 01:46:38,13553,2390
2026-02-02 01:47:38,14452,1491
2026-02-02 01:48:38,12621,3322
2026-02-02 01:49:38,9340,6603
2026-02-02 01:50:38,12064,3879
2026-02-02 01:51:38,10683,5260
2026-02-02 01:52:38,14045,1898
2026-02-02 01:53:38,11138,4805
2026-02-02 01:54:38,13350,2593
2026-02-02 01:55:38,13382,2561
2026-02-02 01:56:38,14178,1765
2026-02-02 01:57:38,13822,2121
2026-02-02 01:58:38,12547,3396
2026-02-02 01:59:38,12318,3625
2026-02-02 02:00:38,12054,3889
2026-02-02 02:01:38,12286,3657
2026-02-02 02:02:38,13584,2359
2026-02-02 02:03:38,12977,2966
2026-02-02 02:04:38,13584,2359
2026-02-02 02:05:38,13007,2936
2026-02-02 02:06:38,9522,6421
2026-02-02 02:07:38,13526,2417
2026-02-02 02:08:38,11869,4074
2026-02-02 02:09:38,10777,5166
2026-02-02 02:10:38,10920,5023
2026-02-02 02:11:38,14466,1477
2026-02-02 02:12:38,14407,1536
2026-02-02 02:13:38,10295,5648
2026-02-02 02:14:38,13909,2034
2026-02-02 02:15:38,11259,4684
2026-02-02 02:16:38,12319,3624
2026-02-02 02:17:38,13829,2114
2026-02-02 02:18:38,11448,4495
2026-02-02 02:19:38,13420,2523
2026-02-02 02:20:38,10487,5456
2026-02-02 02:21:38,10247,5696
2026-02-02 02:22:38,10795,5148
2026-02-02 02:23:38,11546,4397
2026-02-02 02:24:38,9888,6055
2026-02-02 02:25:38,14496,1447
2026-02-02 02:26:38,11731,4212
2026-02-02 02:27:38,12469,3474
2026-02-02 02:28:38,13041,2902
2026-02-02 02:29:38,15058,885
2026-02-02 02:30:38,12477,3466
2026-02-02 02:31:38,10601,5342
2026-02-02 02:32:38,12121,3822
2026-02-02 02:33:38,12865,3078
2026-02-02 02:34:38,14037,1906
2026-02-02 02:35:38,13527,2416
2026-02-02 02:36:38,10679,5264
2026-02-02 02:37:38,12225,3718
2026-02-02 02:38:38,13345,2598
2026-02-02 02:39:38,14306,1637
2026-02-02 02:40:38,14226,1717
2026-02-02 02:41:38,12058,3885
2026-02-02 02:42:38,14154,1789
2026-02-02 02:43:38,10902,5041
2026-02-02 02:44:38,10742,5201
2026-02-02 02:45:38,11934,4009
2026-02-02 02:46:38,12069,3874
2026-02-02 02:47:38,14301,1642
2026-02-02 02:48:38,13607,2336
2026-02-02 02:49:38,13142,2801
2026-02-02 02:50:38,13810,2133
2026-02-02 02:51:38,14810,1133
2026-02-02 02:52:38,14267,1676
2026-02-02 02:53:38,13236,2707
2026-02-02 02:54:38,13546,2397
2026-02-02 02:55:38,13488,2455
2026-02-02 02:56:38,13632,2311
2026-02-02 02:57:38,14192,1751
2026-02-02 02:58:38,13957,1986
2026-02-02 02:59:38,11386,4557
2026-02-02 03:00:38,10958,4985
2026-02-02 03:01:38,11283,4660
2026-02-02 03:02:38,12641,3302
2026-02-02 03:03:38,13389,2554
2026-02-02 03:04:38,13440,2503
2026-02-02 03:05:38,14130,1813
2026-02-02 03:06:38,13068,2875
2026-02-02 03:07:38,11875,4068
2026-02-02 03:08:38,11016,4927
2026-02-02 03:09:38,10208,5735
2026-02-02 03:10:38,10550,5393
2026-02-02 03:11:38,11418,4525
2026-02-02 03:12:38,12699,3244
2026-02-02 03:13:38,11494,4449
2026-02-02 03:14:38,11870,4073
2026-02-02 03:15:38,12270,3673
2026-02-02 03:16:38,12054,3889
2026-02-02 03:17:38,12653,3290
2026-02-02 03:18:38,14347,1596
2026-02-02 03:19:38,14648,1295
2026-02-02 03:20:38,11470,4473
2026-02-02 03:21:38,10670,5273
2026-02-02 03:22:38,10670,5273
2026-02-02 03:23:38,12362,3581
2026-02-02 03:24:38,12372,3571
2026-02-02 03:25:38,14599,1344
2026-02-02 03:26:38,14262,1681
2026-02-02 03:27:38,11230,4713
2026-02-02 03:28:38,12210,3733
2026-02-02 03:29:38,13648,2295
2026-02-02 03:30:38,12103,3840
2026-02-02 03:31:38,14430,1513
2026-02-02 03:32:38,14478,1465
2026-02-02 03:33:38,13972,1971
2026-02-02 03:34:38,13930,2013
2026-02-02 03:35:38,10613,5330
2026-02-02 03:36:38,15153,790
2026-02-02 03:37:38,12478,3465
2026-02-02 03:38:38,13014,2929
2026-02-02 03:39:38,13830,2113
2026-02-02 03:40:38,13148,2795
2026-02-02 03:41:38,11818,4125
2026-02-02 03:42:38,12660,3283
2026-02-02 03:43:38,14198,1745
2026-02-02 03:44:38,14018,1925
2026-02-02 03:45:38,14589,1354
2026-02-02 03:46:38,11451,4492
2026-02-02 03:47:38,13940,2003
2026-02-02 03:48:38,13738,2205
2026-02-02 03:49:38,14266,1677
2026-02-02 03:50:38,10774,5169
2026-02-02 03:51:38,12282,3661
2026-02-02 03:52:38,11110,4833
2026-02-02 03:53:38,11963,3980
2026-02-02 03:54:38,13525,2418
2026-02-02 03:55:38,13645,2298
2026-02-02 03:56:38,11254,4689
2026-02-02 03:57:38,14010,1933
2026-02-02 03:58:38,13140,2803
2026-02-02 03:59:38,13740,2203
2026-02-02 04:00:38,13586,2357
2026-02-02 04:01:38,13272,2671
2026-02-02 04:02:38,13594,2349
2026-02-02 04:03:38,11060,4883
2026-02-02 04:04:38,13338,2605
2026-02-02 04:05:38,9555,6388
2026-02-02 04:06:38,9285,6658
2026-02-02 04:07:38,13486,2457
2026-02-02 04:08:38,11716,4227
2026-02-02 04:09:38,10394,5549
2026-02-02 04:10:38,10280,5663
2026-02-02 04:11:38,10797,5146
2026-02-02 04:12:38,14818,1125
2026-02-02 04:13:38,14214,1729
2026-02-02 04:14:38,13118,2825
2026-02-02 04:15:38,14322,1621
2026-02-02 04:16:38,14058,1885
2026-02-02 04:17:38,11490,4453
2026-02-02 04:18:38,11887,4056
2026-02-02 04:19:38,14385,1558
2026-02-02 04:20:38,14718,1225
2026-02-02 04:21:38,14002,1941
2026-02-02 04:22:38,13446,2497
2026-02-02 04:23:38,13629,2314
2026-02-02 04:24:38,12458,3485
2026-02-02 04:25:38,13005,2938
2026-02-02 04:26:38,12559,3384
2026-02-02 04:27:38,12386,3557
2026-02-02 04:28:38,13504,2439
2026-02-02 04:29:38,11398,4545
2026-02-02 04:30:38,10108,5835
2026-02-02 04:31:38,12114,3829
2026-02-02 04:32:38,10718,5225
2026-02-02 04:33:38,11061,4882
2026-02-02 04:34:38,11514,4429
2026-02-02 04:35:38,13356,2587
2026-02-02 04:36:38,14302,1641
2026-02-02 04:37:38,14790,1153
2026-02-02 04:38:38,10920,5023
2026-02-02 04:39:38,11329,4614
2026-02-02 04:40:38,13009,2934
2026-02-02 04:41:38,12761,3182
2026-02-02 04:42:38,14075,1868
2026-02-02 04:43:38,12253,3690
2026-02-02 04:44:38,11674,4269
2026-02-02 04:45:38,12320,3623
2026-02-02 04:46:38,13430,2513
2026-02-02 04:47:38,13871,2072
2026-02-02 04:48:38,12498,3445
2026-02-02 04:49:38,12154,3789
2026-02-02 04:50:38,12002,3941
2026-02-02 04:51:38,13940,2003
2026-02-02 04:52:38,12467,3476
2026-02-02 04:53:38,14367,1576
2026-02-02 04:54:38,11674,4269
2026-02-02 04:55:38,12375,3568
2026-02-02 04:56:38,11810,4133
2026-02-02 04:57:38,13613,2330
2026-02-02 04:58:38,14421,1522
2026-02-02 04:59:38,12174,3769
2026-02-02 05:00:38,12066,3877
2026-02-02 05:01:38,14321,1622
2026-02-02 05:02:38,10769,5174
2026-02-02 05:03:38,12842,3101
2026-02-02 05:04:38,12768,3175
2026-02-02 05:05:38,12800,3143
2026-02-02 05:06:38,8150,7793
2026-02-02 05:07:39,9098,6845
2026-02-02 05:08:39,12798,3145
2026-02-02 05:09:39,11306,4637
2026-02-02 05:10:39,10546,5397
2026-02-02 05:11:39,10815,5128
2026-02-02 05:12:39,11510,4433
2026-02-02 05:13:39,13910,2033
2026-02-02 05:14:39,14847,1096
2026-02-02 05:15:39,12530,3413
2026-02-02 05:16:39,12046,3897
2026-02-02 05:17:39,12780,3163
2026-02-02 05:18:39,13938,2005
2026-02-02 05:19:39,13597,2346
2026-02-02 05:20:39,12462,3481
2026-02-02 05:21:39,13494,2449
2026-02-02 05:22:39,14538,1405
2026-02-02 05:23:39,12478,3465
2026-02-02 05:24:39,10899,5044
2026-02-02 05:25:39,12558,3385
2026-02-02 05:26:39,14766,1177
2026-02-02 05:27:39,12057,3886
2026-02-02 05:28:39,12356,3587
2026-02-02 05:29:39,13702,2241
2026-02-02 05:30:39,12649,3294
2026-02-02 05:31:39,14909,1034
2026-02-02 05:32:39,12570,3373
2026-02-02 05:33:39,14122,1821
2026-02-02 05:34:39,10894,5049
2026-02-02 05:35:39,13654,2289
2026-02-02 05:36:39,11610,4333
2026-02-02 05:37:39,12578,3365
2026-02-02 05:38:39,12602,3341
2026-02-02 05:39:39,12918,3025
2026-02-02 05:40:39,12618,3325
2026-02-02 05:41:39,10310,5633
2026-02-02 05:42:39,12328,3615
2026-02-02 05:43:39,10338,5605
2026-02-02 05:44:39,14374,1569
2026-02-02 05:45:39,10794,5149
2026-02-02 05:46:39,12883,3060
2026-02-02 05:47:39,11562,4381
2026-02-02 05:48:39,10884,5059
2026-02-02 05:49:39,10402,5541
2026-02-02 05:50:39,10778,5165
2026-02-02 05:51:39,12250,3693
2026-02-02 05:52:39,14306,1637
2026-02-02 05:53:39,12081,3862
2026-02-02 05:54:39,10634,5309
2026-02-02 05:55:39,11050,4893
2026-02-02 05:56:39,12093,3850
2026-02-02 05:57:39,11415,4528
2026-02-02 05:58:39,14121,1822
2026-02-02 05:59:39,11925,4018
2026-02-02 06:00:39,12879,3064
2026-02-02 06:01:39,12378,3565
2026-02-02 06:02:39,13790,2153
2026-02-02 06:03:39,13699,2244
2026-02-02 06:04:39,11366,4577
2026-02-02 06:05:39,13485,2458
2026-02-02 06:06:39,9485,6458
2026-02-02 06:07:39,13482,2461
2026-02-02 06:08:39,12407,3536
2026-02-02 06:09:39,11493,4450
2026-02-02 06:10:39,11514,4429
2026-02-02 06:11:39,12218,3725
2026-02-02 06:12:39,13247,2696
2026-02-02 06:13:39,13435,2508
2026-02-02 06:14:39,14405,1538
2026-02-02 06:15:39,10799,5144
2026-02-02 06:16:39,11962,3981
2026-02-02 06:17:39,12810,3133
2026-02-02 06:18:39,14410,1533
2026-02-02 06:19:39,10336,5607
2026-02-02 06:20:39,12672,3271
2026-02-02 06:21:39,14702,1241
2026-02-02 06:22:39,13830,2113
2026-02-02 06:23:39,14302,1641
2026-02-02 06:24:39,14714,1229
2026-02-02 06:25:39,13776,2167
2026-02-02 06:26:39,12523,3420
2026-02-02 06:27:39,12690,3253
2026-02-02 06:28:39,13500,2443
2026-02-02 06:29:39,14008,1935
2026-02-02 06:30:39,11784,4159
2026-02-02 06:31:39,14198,1745
2026-02-02 06:32:39,11654,4289
2026-02-02 06:33:39,11102,4841
2026-02-02 06:34:39,11590,4353
2026-02-02 06:35:39,13226,2717
2026-02-02 06:36:39,13105,2838
2026-02-02 06:37:39,13752,2191
2026-02-02 06:38:39,11782,4161
2026-02-02 06:39:39,13063,2880
2026-02-02 06:40:39,11240,4703
2026-02-02 06:41:39,11947,3996
2026-02-02 06:42:39,12733,3210
2026-02-02 06:43:39,12978,2965
2026-02-02 06:44:39,14082,1861
2026-02-02 06:45:39,14049,1894
2026-02-02 06:46:39,12422,3521
2026-02-02 06:47:39,14328,1615
2026-02-02 06:48:39,14066,1877
2026-02-02 06:49:39,10174,5769
2026-02-02 06:50:39,14198,1745
2026-02-02 06:51:39,10764,5179
2026-02-02 06:52:39,11951,3992
2026-02-02 06:53:39,14645,1298
2026-02-02 06:54:39,12334,3609
2026-02-02 06:55:39,12842,3101
2026-02-02 06:56:39,13378,2565
2026-02-02 06:57:39,14042,1901
2026-02-02 06:58:39,11537,4406
2026-02-02 06:59:39,13670,2273
2026-02-02 07:00:39,13797,2146
2026-02-02 07:01:39,12018,3925
2026-02-02 07:02:39,12354,3589
2026-02-02 07:03:39,13687,2256
2026-02-02 07:04:39,14503,1440
2026-02-02 07:05:39,12387,3556
2026-02-02 07:06:39,8150,7793
2026-02-02 07:07:39,10094,5849
2026-02-02 07:08:39,14158,1785
2026-02-02 07:09:39,12339,3604
2026-02-02 07:10:39,11160,4783
2026-02-02 07:11:39,11148,4795
2026-02-02 07:12:39,14305,1638
2026-02-02 07:13:39,13797,2146
2026-02-02 07:14:39,14273,1670
2026-02-02 07:15:39,13486,2457
2026-02-02 07:16:39,12526,3417
2026-02-02 07:17:39,11930,4013
2026-02-02 07:18:39,12590,3353
2026-02-02 07:19:39,11066,4877
2026-02-02 07:20:39,11516,4427
2026-02-02 07:21:39,14498,1445
2026-02-02 07:22:39,14696,1247
2026-02-02 07:23:39,14216,1727
2026-02-02 07:24:39,13404,2539
2026-02-02 07:25:39,12327,3616
2026-02-02 07:26:39,14694,1249
2026-02-02 07:27:39,13710,2233
2026-02-02 07:28:39,10998,4945
2026-02-02 07:29:39,11576,4367
2026-02-02 07:30:39,11970,3973
2026-02-02 07:31:39,14284,1659
2026-02-02 07:32:39,14458,1485
2026-02-02 07:33:39,11131,4812
2026-02-02 07:34:39,14446,1497
2026-02-02 07:35:39,12054,3889
2026-02-02 07:36:39,13781,2162
2026-02-02 07:37:39,14285,1658
2026-02-02 07:38:39,11930,4013
2026-02-02 07:39:39,13338,2605
2026-02-02 07:40:39,13986,1957
2026-02-02 07:41:39,12326,3617
2026-02-02 07:42:39,11466,4477
2026-02-02 07:43:39,13724,2219
2026-02-02 07:44:39,10778,5165
2026-02-02 07:45:39,11003,4940
2026-02-02 07:46:39,11830,4113
2026-02-02 07:47:39,12405,3538
2026-02-02 07:48:39,14019,1924
2026-02-02 07:49:39,13694,2249
2026-02-02 07:50:39,13794,2149
2026-02-02 07:51:39,14304,1639
2026-02-02 07:52:39,11438,4505
2026-02-02 07:53:39,11442,4501
2026-02-02 07:54:39,12589,3354
2026-02-02 07:55:39,11262,4681
2026-02-02 07:56:39,10956,4987
2026-02-02 07:57:39,11622,4321
2026-02-02 07:58:39,12569,3374
2026-02-02 07:59:39,11024,4919
2026-02-02 08:00:39,12625,3318
2026-02-02 08:01:39,14342,1601
2026-02-02 08:02:39,13502,2441
2026-02-02 08:03:39,13501,2442
2026-02-02 08:04:39,11679,4264
2026-02-02 08:05:39,14294,1649
2026-02-02 08:06:39,8050,7893
2026-02-02 08:07:39,13252,2691
2026-02-02 08:08:39,11590,4353
2026-02-02 08:09:39,10082,5861
2026-02-02 08:10:39,13656,2287
2026-02-02 08:11:39,13462,2481
2026-02-02 08:12:39,14220,1723
2026-02-02 08:13:39,13089,2854
2026-02-02 08:14:39,10616,5327
2026-02-02 08:15:39,14074,1869
2026-02-02 08:16:39,13026,2917
2026-02-02 08:17:39,13494,2449
2026-02-02 08:18:39,12286,3657
2026-02-02 08:19:39,12997,2946
2026-02-02 08:20:39,13279,2664
2026-02-02 08:21:39,11118,4825
2026-02-02 08:22:39,12036,3907
2026-02-02 08:23:39,13326,2617
2026-02-02 08:24:39,14877,1066
2026-02-02 08:25:39,13473,2470
2026-02-02 08:26:39,11846,4097
2026-02-02 08:27:39,11566,4377
2026-02-02 08:28:39,11794,4149
2026-02-02 08:29:39,12870,3073
2026-02-02 08:30:39,11667,4276
2026-02-02 08:31:39,13639,2304
2026-02-02 08:32:39,12682,3261
2026-02-02 08:33:39,12534,3409
2026-02-02 08:34:39,13198,2745
2026-02-02 08:35:39,13968,1975
2026-02-02 08:36:39,12774,3169
2026-02-02 08:37:39,14125,1818
2026-02-02 08:38:39,11746,4197
2026-02-02 08:39:39,11728,4215
2026-02-02 08:40:39,12493,3450
2026-02-02 08:41:39,11271,4672
2026-02-02 08:42:39,11856,4087
2026-02-02 08:43:39,12810,3133
2026-02-02 08:44:39,11339,4604
2026-02-02 08:45:39,11466,4477
2026-02-02 08:46:39,13626,2317
2026-02-02 08:47:39,15064,879
2026-02-02 08:48:39,14379,1564
2026-02-02 08:49:39,11234,4709
2026-02-02 08:50:39,12106,3837
2026-02-02 08:51:39,12621,3322
2026-02-02 08:52:39,13686,2257
2026-02-02 08:53:39,13023,2920
2026-02-02 08:54:39,13114,2829
2026-02-02 08:55:39,9986,5957
2026-02-02 08:56:39,14568,1375
2026-02-02 08:57:39,12049,3894
2026-02-02 08:58:39,13213,2730
2026-02-02 08:59:39,13465,2478
2026-02-02 09:00:39,14466,1477
2026-02-02 09:01:39,10718,5225
2026-02-02 09:02:39,10802,5141
2026-02-02 09:03:39,11866,4077
2026-02-02 09:04:39,13278,2665
2026-02-02 09:05:39,15006,937
2026-02-02 09:06:39,9716,6227
2026-02-02 09:07:39,12338,3605
2026-02-02 09:08:39,11144,4799
2026-02-02 09:09:39,14502,1441
2026-02-02 09:10:39,13184,2759
2026-02-02 09:11:39,13189,2754
2026-02-02 09:12:39,13501,2442
2026-02-02 09:13:39,12693,3250
2026-02-02 09:14:39,11998,3945
2026-02-02 09:15:39,12822,3121
2026-02-02 09:16:39,11110,4833
2026-02-02 09:17:39,14240,1703
2026-02-02 09:18:39,13630,2313
2026-02-02 09:19:39,13842,2101
2026-02-02 09:20:39,13604,2339
2026-02-02 09:21:39,12618,3325
2026-02-02 09:22:39,14422,1521
2026-02-02 09:23:39,12861,3082
2026-02-02 09:24:39,13101,2842
2026-02-02 09:25:39,12674,3269
2026-02-02 09:26:39,13004,2939
2026-02-02 09:27:39,13682,2261
2026-02-02 09:28:39,14042,1901
2026-02-02 09:29:39,12314,3629
2026-02-02 09:30:39,10978,4965
2026-02-02 09:31:39,10799,5144
2026-02-02 09:32:39,14002,1941
2026-02-02 09:33:39,13274,2669
2026-02-02 09:34:39,12794,3149
2026-02-02 09:35:39,12192,3751
2026-02-02 09:36:39,12990,2953
2026-02-02 09:37:39,13176,2767
2026-02-02 09:38:39,14402,1541
2026-02-02 09:39:39,12996,2947
2026-02-02 09:40:39,12611,3332
2026-02-02 09:41:39,13068,2875
2026-02-02 09:42:39,13445,2498
2026-02-02 09:43:39,14445,1498
2026-02-02 09:44:39,10038,5905
2026-02-02 09:45:39,13712,2231
2026-02-02 09:46:39,12015,3928
2026-02-02 09:47:39,11586,4357
2026-02-02 09:48:39,12675,3268
2026-02-02 09:49:39,12742,3201
2026-02-02 09:50:39,10154,5789
2026-02-02 09:51:39,10854,5089
2026-02-02 09:52:39,13215,2728
2026-02-02 09:53:39,13693,2250
2026-02-02 09:54:39,14026,1917
2026-02-02 09:55:39,13609,2334
2026-02-02 09:56:39,10195,5748
2026-02-02 09:57:39,14618,1325
2026-02-02 09:58:39,11974,3969
2026-02-02 09:59:39,13841,2102
2026-02-02 10:00:39,13454,2489
2026-02-02 10:01:39,11629,4314
2026-02-02 10:02:39,12078,3865
2026-02-02 10:03:39,12054,3889
2026-02-02 10:04:39,12524,3419
2026-02-02 10:05:39,13510,2433
2026-02-02 10:06:39,10958,4985
2026-02-02 10:07:39,11374,4569
2026-02-02 10:08:39,13226,2717
2026-02-02 10:09:39,12982,2961
2026-02-02 10:10:39,12286,3657
2026-02-02 10:11:39,12506,3437
2026-02-02 10:12:39,11017,4926
2026-02-02 10:13:39,11374,4569
2026-02-02 10:14:39,13302,2641
2026-02-02 10:15:39,13506,2437
2026-02-02 10:16:39,13714,2229
2026-02-02 10:17:39,13838,2105
2026-02-02 10:18:39,14553,1390
2026-02-02 10:19:39,9446,6497
2026-02-02 10:20:39,12738,3205
2026-02-02 10:21:39,10297,5646
2026-02-02 10:22:39,13290,2653
2026-02-02 10:23:39,12550,3393
2026-02-02 10:24:39,10452,5491
2026-02-02 10:25:39,11921,4022
2026-02-02 10:26:39,12924,3019
2026-02-02 10:27:39,14558,1385
2026-02-02 10:28:39,11969,3974
2026-02-02 10:29:39,12990,2953
2026-02-02 10:30:39,14729,1214
2026-02-02 10:31:39,8057,7886
2026-02-02 10:32:39,13856,2087
2026-02-02 10:33:39,12395,3548
2026-02-02 10:34:39,10812,5131
