Iteration;bike;car;car_passenger;pt;walk
0;373421;4844903;519548;588914;333486
1;374451;5550911;531352;606311;345772
2;374555;5825231;541514;621341;352916
3;374802;6011592;550227;628946;355728
4;376027;6208880;561052;647847;360967
5;376210;6327784;571343;650168;362904
6;376195;6273544;579197;652825;363251
7;375884;6328832;580432;650086;363770
8;376669;6364919;582425;652622;364212
9;376880;6286942;585955;655197;365150
10;375805;6375979;586747;650192;364583
11;376540;6405868;589785;654479;365683
12;377356;6394193;592927;662464;367428
13;376629;6413991;591525;656857;366020
14;376103;6449713;590780;648315;365498
15;376244;6440382;591284;648521;365949
16;376440;6392323;588434;654932;365806
17;376847;6211592;587717;657018;365218
18;376168;6336568;586809;654111;365499
19;376468;6415183;588953;658861;366369
20;376655;6457020;590079;656914;366976
21;377126;6478470;589672;663317;368165
22;376511;6499800;590766;659652;367241
23;376380;6474949;587975;658535;367462
24;376526;6460507;586885;658600;366982
25;376504;6421695;583208;650313;366464
26;376175;6440130;586130;654964;365814
27;377021;6487519;582906;664287;368714
28;376592;6470983;584946;656125;367599
29;376482;6424835;581129;654866;366344
30;376266;6417841;580125;653020;365362
31;376866;6427957;581682;662440;367903
32;376642;6498957;581820;661949;367972
33;376694;6420006;579945;663506;367625
34;377169;6453143;579241;661765;368052
35;377019;6419374;579098;663302;368143
36;376686;6474972;577466;662357;367947
37;376532;6464373;579817;657296;367451
38;377688;6448188;579214;667205;368948
39;376644;6411201;576321;659793;367336
40;376381;6492743;578825;657266;367097
41;376312;6471638;579554;659565;367563
42;377049;6333015;578237;662661;367460
43;377024;6441465;576574;664860;368349
44;376532;6409525;579022;657379;366871
45;376927;6457451;578032;658517;367309
46;376907;6513925;580605;661872;367811
47;376434;6493544;576664;659901;368016
48;375960;6398976;576425;653514;365859
49;376441;6441813;576569;658421;367469
50;377279;6511388;577807;665438;369319
51;377371;6479647;576689;660960;367719
52;376771;6448325;575906;653786;367158
53;377604;6469936;576459;665291;369087
54;376786;6520033;578638;659173;367893
55;375331;6469462;574729;635981;364173
56;376735;6491997;577604;654184;366589
57;376888;6381729;573906;662842;367486
58;376765;6447880;576067;661602;367862
59;376328;6319434;574380;647767;364467
60;376721;6426268;574310;663664;368030
61;376526;6483669;575818;656949;367532
62;376467;6502512;575816;651323;366400
63;376306;6477524;574180;658942;367369
64;376251;6415824;575033;651581;366212
65;376997;6276363;576074;664614;367804
66;376395;6448465;576060;660937;368371
67;377146;6461090;576967;660511;368693
68;376287;6427592;573447;652730;366059
69;377282;6527034;577575;666165;369520
70;377230;6488517;573543;664199;368761
71;376313;6428633;574404;654822;366813
72;375945;6427815;571380;649539;365808
73;377344;6394475;573431;662665;367855
74;376028;6505079;572628;655983;366966
75;376957;6467871;572936;657624;367077
76;376834;6466020;572227;664104;368327
77;377462;6494734;573082;665158;369217
78;376440;6490463;573019;659049;367729
79;376577;6477611;573119;656671;367124
80;376136;6467962;571124;662341;368294
81;376937;6438348;571047;658682;367296
82;376467;6478301;572312;649453;366668
83;376614;6456136;571261;652265;366139
84;376382;6453682;573206;653153;366059
85;376176;6493840;575692;654052;367136
86;376591;6482410;573196;660470;368009
87;377313;6433417;572829;663100;368107
88;377217;6473350;571702;658630;367443
89;376998;6474436;570779;661324;368041
90;377307;6483343;572843;664096;368924
91;376742;6473060;570890;660000;368316
92;376712;6497940;571197;654386;367194
93;376539;6503122;572197;659889;368056
94;376914;6448839;570415;660170;367405
95;376784;6437563;570061;655353;366633
96;376043;6520048;572959;652897;367068
97;377146;6494187;573010;663555;369184
98;377325;6403015;571218;663044;368233
99;376881;6494318;573657;656871;367001
100;375993;6450740;573647;655326;366464
101;376756;6429671;571016;652357;366603
102;376806;6494457;572550;659044;366663
103;377646;6539215;575064;669374;370101
104;376708;6377962;569300;654521;366701
105;377480;6465477;574175;666949;368928
106;376925;6565436;574268;666851;370293
107;376522;6491888;571232;659857;368116
108;376401;6518774;570897;654453;367421
109;377294;6499921;573405;664738;368956
110;377167;6482154;570668;663208;368696
111;376634;6520410;572476;659821;368264
112;376734;6473878;573641;665244;368539
113;376695;6392631;569021;658711;366711
114;377216;6505377;573471;665825;369216
115;376559;6489469;572205;662068;368381
116;376743;6523773;572844;655636;366933
117;375958;6443425;572680;650717;366273
118;377316;6525235;572323;664778;369403
119;377157;6498918;571444;660542;367879
120;377108;6513526;571897;659312;367718
121;376936;6468408;571946;659453;368061
122;376578;6457393;574051;664734;368745
123;376618;6468963;571183;658415;367377
124;376827;6458916;569524;657021;367710
125;376330;6541337;572878;659379;368238
126;377333;6435030;572359;661086;368176
127;376722;6101093;575433;659902;365815
128;377050;6423132;572724;661802;368021
129;377428;6471836;571461;667280;369320
130;376900;6507652;572675;660824;368518
131;376271;6518496;573552;648882;367239
132;376506;6484274;572094;657094;367294
133;376814;6511004;572817;657882;367798
134;377027;6479672;570978;658298;367479
135;377256;6421644;570191;659989;367178
136;377151;6500317;572779;665151;369210
137;376194;6456374;570211;650555;366611
138;376279;6491648;572135;649306;366123
139;376803;6463966;571086;660728;367889
140;377391;6467480;569429;668008;369736
141;376818;6482351;570217;662230;368275
142;377409;6451854;569144;663695;368386
143;377087;6486374;571244;664698;368388
144;375694;6353850;567314;646919;364689
145;376689;6466052;569833;655579;367444
146;376729;6357932;571978;651981;365888
147;377136;6334614;569360;661158;367298
148;376623;6523070;571233;658488;368231
149;376864;6472497;572184;653032;367258
150;377508;6505807;572909;666183;368998
151;376928;6479309;569884;663411;368812
152;377157;6532144;572676;660216;368643
153;376690;6397325;569515;659814;366786
154;376437;6486268;571002;650642;366099
155;376461;6468184;570066;662226;368200
156;376285;6456611;569628;656969;367404
157;376252;6385880;569452;652149;365673
158;377097;6405221;570436;662833;367393
159;377013;6532998;571297;664803;369302
160;377058;6485242;572387;657280;367834
161;377461;6523622;571930;666471;369130
162;377171;6437590;570206;662799;368413
163;377191;6565900;573895;666194;369267
164;376037;6460526;569729;658418;367193
165;376296;6452063;567887;653715;366571
166;377595;6464037;568207;663904;368841
167;376916;6493211;570958;663334;368630
168;377343;6477723;570167;665007;369460
169;376407;6508099;569452;657179;367898
170;376867;6458322;569586;661162;367629
171;377500;6444506;571172;662576;368577
172;376371;6362220;571405;659270;367423
173;377355;6396644;569481;664451;368390
174;377204;6433567;569003;662892;367735
175;376295;6500827;571060;652990;366982
176;376939;6490742;571038;660712;368804
177;376833;6458292;569505;660114;367288
178;377007;6510217;571969;659788;368191
179;377214;6531839;571735;664497;369196
180;376968;6436321;571118;659588;367142
181;377248;6559501;567908;665698;370026
182;377391;6561518;568011;666966;370307
183;377299;6558811;567818;667248;370277
184;377379;6555466;568071;667961;370397
185;377334;6526100;567861;668209;370355
186;377329;6557376;568347;667680;370550
187;377261;6557684;568051;667094;370566
188;377208;6555921;567909;666969;370422
189;377133;6527933;567798;667007;370413
190;377192;6509205;567599;666620;369965
191;377237;6520500;567725;666612;370068
192;377145;6521061;567456;666560;369924
193;377282;6539927;567683;666415;370128
194;377165;6533523;567721;666731;370131
195;377181;6532042;567823;666540;370266
196;377250;6538872;567869;666460;370069
197;377156;6541517;567914;666582;370325
198;377183;6542873;567679;666714;370179
199;377176;6550869;567680;666284;370395
200;377064;6544680;567534;666302;370180
