ITERATION;avg. Average Leg distance;avg. Average Trip distance
0;2790.539708217581;7566.424654689986
1;2945.602900606241;7963.629035533589
2;3010.143234105863;8130.388310556054
3;3059.714290216383;8259.55548052516
4;3117.583887801564;8418.721655371835
5;3163.3536037266704;8540.594666964624
6;3163.0829347212916;8545.055089529757
7;3173.1540445439805;8565.40270000364
8;3187.671118475775;8605.605704463824
9;3170.5372503646067;8569.650910838169
10;3197.5013250661295;8630.802610960316
11;3207.6513343488573;8659.6757035633
12;3205.7289357176155;8663.086570190902
13;3211.4463899818193;8672.534795502186
14;3218.8681283550877;8684.97538576845
15;3221.546864169789;8694.343658351323
16;3209.2186650074636;8667.469450189426
17;3167.6793734805137;8566.069175586148
18;3190.466791173872;8619.498534987231
19;3212.390767454998;8675.577881150333
20;3228.6218158804186;8716.355862298247
21;3228.669120004176;8721.447936718467
22;3238.414855146105;8744.616680830428
23;3226.9195239409487;8713.653547210422
24;3227.021533045318;8715.241197580022
25;3215.6694536159075;8681.298319770742
26;3225.689323314506;8710.64297757097
27;3230.110004628434;8725.556294015912
28;3231.5355409238605;8722.595470560409
29;3219.6351273663677;8695.051812660211
30;3215.837024061149;8683.590333088883
31;3219.014100328004;8698.320064560336
32;3231.9045413032795;8728.649837539986
33;3212.993673606808;8682.56927959109
34;3220.00540253936;8698.117537155433
35;3213.8237527138317;8681.337893746339
36;3221.1715330926854;8698.350624160994
37;3226.5465795713444;8711.34703746575
38;3225.6918418268806;8717.01458121164
39;3213.6235297951052;8684.815669974836
40;3230.40103197753;8721.01791042628
41;3230.4964472742486;8723.77041820173
42;3191.0474395736114;8628.048845756164
43;3217.7620302913865;8693.496974095646
44;3211.7345669142246;8675.288821917866
45;3222.2094489074734;8701.072909374421
46;3238.39080333271;8743.930092868372
47;3227.0500111413717;8712.021640111021
48;3215.571498166126;8684.912291688239
49;3218.359381180629;8691.423080089577
50;3233.7722351740626;8733.67883528583
51;3229.1634383917753;8720.377772668555
52;3220.8239850132954;8695.490069709127
53;3222.0683743072136;8703.57066725549
54;3237.9566852669614;8740.275725562704
55;3227.7127228981594;8705.347141050413
56;3233.468588651908;8726.560487267285
57;3206.3330999817385;8665.423895028009
58;3221.964165768332;8700.937682493393
59;3197.3610258532703;8636.168461675667
60;3215.5482130986534;8687.020125910116
61;3230.411779118664;8721.710454854607
62;3233.0666554783515;8724.702030555136
63;3223.6566519852913;8703.750155343603
64;3214.09115575906;8678.667046685056
65;3175.7420197501615;8590.309840704072
66;3219.6487854426787;8695.201994889623
67;3226.6745684446987;8714.45762443345
68;3215.845861046026;8678.830725394748
69;3237.140138773914;8742.769974158544
70;3224.388998338228;8709.532756192739
71;3215.663274618745;8682.689130173161
72;3214.7662002944735;8677.812036864323
73;3211.673949957221;8680.72126558044
74;3231.3546615414857;8720.77925920135
75;3224.409761895504;8706.775108874002
76;3221.8013707339974;8704.055872649973
77;3227.7014791937386;8717.812853056152
78;3225.5740861074405;8709.342168907953
79;3227.5158636874444;8712.481640884685
80;3224.333138185466;8704.839026070233
81;3216.0002237560043;8684.525558056253
82;3226.387103254453;8707.018701521714
83;3220.8567023800083;8693.30241937097
84;3222.1896580773555;8700.067073242551
85;3232.5098031348966;8724.943761599967
86;3226.8957890945985;8715.791694663174
87;3220.1358382532953;8700.027537282667
88;3223.8765677362344;8707.130036728166
89;3221.2697542321166;8700.467853906304
90;3230.122770589899;8724.55116192454
91;3222.6819949829232;8703.303877506907
92;3228.677264704034;8715.064731308472
93;3231.767554767268;8723.738577522114
94;3217.025445004003;8690.272491926806
95;3216.379719303864;8683.913302625426
96;3236.9046243581242;8732.59692627514
97;3232.9123606094895;8731.919995395347
98;3211.342171437306;8677.949823577917
99;3234.242196906033;8729.98817617618
100;3220.792941010679;8696.784764929052
101;3221.6241235285756;8698.56304686564
102;3231.4201515146283;8724.004451694385
103;3242.4344096489795;8760.480300533272
104;3204.2602524931103;8655.12138183201
105;3226.1007451580613;8716.375107358212
106;3245.265669150324;8763.430866605204
107;3230.353334613356;8725.335758943856
108;3232.281453637372;8722.854294471124
109;3234.579172754682;8738.09418275254
110;3224.9061111478336;8709.175442213467
111;3234.6653753421956;8731.96680597304
112;3226.7886386136724;8717.234397453853
113;3207.7746880164877;8665.180327071253
114;3234.8672018794964;8739.086923274379
115;3229.6073925310366;8721.487209434094
116;3239.5817140412623;8741.279911613778
117;3226.2004061612074;8708.424609855774
118;3235.516158004588;8738.685627064806
119;3231.2056482062526;8725.524711271204
120;3235.9777087017746;8736.523766251059
121;3226.5439790849223;8713.57843573053
122;3221.778264931701;8706.036029721019
123;3225.7355982047916;8711.74693731271
124;3222.4086743610947;8700.633530664652
125;3238.609333241758;8739.71716467687
126;3216.3732007215494;8687.996235168095
127;3140.550145021787;8504.64849782538
128;3220.2965526594885;8702.879102137122
129;3223.451871454568;8710.856474599786
130;3231.754426510237;8727.948043374228
131;3239.311299781299;8739.429817573999
132;3229.6937944723195;8718.857739790592
133;3233.990755451702;8731.12319319756
134;3226.9705865787255;8712.973138419338
135;3217.843535594384;8693.945974123553
136;3231.224568400022;8729.040970156866
137;3223.7576663646432;8700.790911848571
138;3232.8082594577068;8724.001557438678
139;3225.900991558591;8713.823916769164
140;3220.7119255047373;8702.568515450916
141;3223.169233160251;8703.0948564157
142;3217.1820462868586;8691.333913035205
143;3228.6439175861374;8720.705818185446
144;3204.7270010136576;8650.980523032755
145;3223.8327362755167;8704.15974335732
146;3204.9767260278354;8658.774911683064
147;3194.2852198928645;8634.832567906136
148;3231.2105290777895;8719.70531439782
149;3226.7384282917365;8711.491240378533
150;3234.4194320475985;8737.925050167802
151;3223.272255058146;8704.675571944605
152;3237.9419299657156;8741.249032997954
153;3209.767465754284;8673.00296890778
154;3233.7853240313057;8725.643151649365
155;3225.965743125066;8711.027084544428
156;3221.501237538435;8698.33978856084
157;3206.2727371403016;8660.908173277177
158;3214.491878434118;8686.528610483481
159;3236.8963043848976;8742.069116485478
160;3232.442650141096;8729.627812133102
161;3239.026104782155;8749.651911290095
162;3218.04017351959;8693.900693854044
163;3247.3730941203753;8770.36677342458
164;3226.8101598168532;8713.35160100805
165;3222.14103074567;8701.066136345073
166;3220.052232565005;8698.410634383143
167;3231.1798959544403;8727.239419631362
168;3223.5975520414204;8708.138508106085
169;3229.4477411737953;8714.619557433982
170;3222.585184300564;8703.865340570886
171;3219.3303607216076;8697.331372648152
172;3195.6451619849045;8636.476691549147
173;3210.427585047793;8674.972265846614
174;3217.30711680632;8692.14116036067
175;3230.9091269788782;8716.225204976006
176;3228.6094837573287;8718.159009971096
177;3222.0147781364212;8704.491878328874
178;3237.921051943283;8742.246271908889
179;3239.997720983219;8750.492082588775
180;3220.964702273507;8701.32647949671
181;3240.5961093121127;8748.503224470436
182;3240.785207275592;8749.820438062432
183;3239.670552374672;8746.934777496414
184;3238.9459700287894;8745.442458060965
185;3231.644891918694;8727.821080607819
186;3238.950999522907;8745.07638187425
187;3239.0699581042804;8744.821879967249
188;3238.436148971909;8743.226366899149
189;3231.579464569447;8726.062608403548
190;3227.195545214456;8715.384699398424
191;3229.580329008938;8720.472080116908
192;3229.261990134576;8719.483274272547
193;3233.5745785257977;8729.965718928868
194;3231.94119447267;8726.209165366701
195;3231.594634633315;8724.975541182417
196;3233.210127533311;8729.197096191463
197;3233.797324185453;8730.971521456284
198;3233.909583249275;8731.173138710416
199;3235.9853062534485;8736.413871476985
200;3234.1660316604434;8731.749668596813
