link_id,name,road_type,observed_traffic_volume,simulated_traffic_volume,geh,rel_error,quality
101764,0,unclassified,7869.6,215.0,120.394938788562,0.02732032123614923,major under
101765,0,unclassified,7869.6,220.0,120.27910842723533,0.027955677543966655,major under
102412,0,unclassified,20713.969999999994,20090.0,4.368451291603656,0.9698768512264914,ok
102413,0,unclassified,20713.969999999994,14855.0,43.93398804659043,0.7171488613723012,under
102414,0,unclassified,15041.869999999999,19095.0,31.023706436266547,1.2694565236902062,over
102415,0,unclassified,15041.869999999999,15695.0,5.268473624690132,1.0434207980789623,ok
102443,0,unclassified,20358.77,28670.0,53.082919391548735,1.408238316951368,major over
102690,0,unclassified,9584.410000000002,8635.0,9.947218209669916,0.9009422593566008,ok
102812,0,unclassified,9242.04,7415.0,20.02000304129289,0.8023120436613561,ok
102956,0,unclassified,12321.100000000002,8545.0,36.96901186226488,0.6935257403965553,under
103299,0,unclassified,7406.54,6390.0,12.239237945016631,0.8627510281453958,ok
103300,0,unclassified,7406.54,7085.0,3.777397906583878,0.9565870163396134,ok
103325,0,unclassified,10550.620000000003,13945.0,30.67123330987217,1.321723273134659,over
103330,0,unclassified,10491.259999999998,17870.0,61.96328655871074,1.703322575172096,major over
103784,0,unclassified,10006.33,11310.0,12.627763861720355,1.130284529892578,ok
103805,0,unclassified,7983.539999999998,10650.0,27.62500631531549,1.3339946940830762,over
10385,0,unclassified,16987.35,17930.0,7.134192631520063,1.0554912920496724,ok
10387,0,unclassified,21827.73,24100.0,14.994688292515344,1.1041001515045312,ok
104875,0,unclassified,8486.34,11420.0,29.405533856544107,1.3456920179959795,over
104893,0,unclassified,6624.28,8170.0,17.972103339077332,1.2333415858025325,over
104894,0,unclassified,6624.28,9575.0,32.78650637490395,1.4454401082079864,major over
10490,0,unclassified,11985.75,9790.0,21.043177975556134,0.8168032872369272,ok
10491,0,unclassified,11985.75,11405.0,5.37009715161691,0.9515466282877584,ok
10684,0,unclassified,11567.509999999997,11165.0,3.7754435134292517,0.9652034015963681,ok
10685,0,unclassified,23766.739999999998,12010.0,87.90256121897839,0.5053280340509468,major under
10689,0,unclassified,12002.369999999999,12700.0,6.277270371822518,1.0581243537734633,ok
10738,0,unclassified,8936.520000000002,6620.0,26.266053595419066,0.7407805275431598,under
10739,0,unclassified,8936.520000000002,9930.0,10.228883358591792,1.1111707913147397,ok
107688,0,unclassified,14049.179999999998,13895.0,1.3043596456421742,0.9890256940262707,ok
10769,0,unclassified,5460.45,4220.0,17.82980067953799,0.7728300781071158,under
107929,0,unclassified,25613.0,30545.0,29.4328454168146,1.1925584664037794,ok
108118,0,unclassified,8165.820000000001,9410.0,13.272123541268193,1.1523643675711686,ok
108126,0,unclassified,13277.200000000003,12590.0,6.042594320722055,0.9482420992377909,ok
108127,0,unclassified,10880.85,13635.0,24.875917611018732,1.2531190118419058,over
108128,0,unclassified,10880.85,17845.0,58.10943735731927,1.640037313261372,major over
108136,0,unclassified,12027.8,8760.0,32.05281680394112,0.7283127421473586,under
10853,0,unclassified,10740.220000000001,9145.0,15.998172811280881,0.8514723162095376,ok
10874,0,unclassified,21816.309999999998,18615.0,22.51561544799466,0.8532607026577823,ok
109376,0,unclassified,10977.449999999997,12580.0,14.765985830449104,1.145985634186446,ok
109377,0,unclassified,10977.449999999997,8750.0,22.427841916641743,0.7970885770374725,under
109757,0,unclassified,3552.69,2585.0,17.468224959281205,0.7276176643613712,under
109758,0,unclassified,3552.69,3000.0,9.655767355875726,0.844430558253042,ok
109759,0,unclassified,3233.8199999999997,2675.0,10.281028396213578,0.8271950819773519,ok
109760,0,unclassified,3233.8199999999997,2655.0,10.667051378144599,0.8210104458504185,ok
10988,0,unclassified,9059.779999999999,13145.0,38.771018501700546,1.4509182342176081,major over
10990,0,unclassified,9164.68,9295.0,1.3564818432232768,1.0142198090931707,ok
10991,0,unclassified,9164.68,10110.0,9.629422802254396,1.1031481732040835,ok
110962,0,unclassified,13626.79,19740.0,47.32897495464931,1.4486170257265283,major over
111343,0,unclassified,4915.909999999999,745.0,78.39758621867026,0.15154874682408753,major under
111344,0,unclassified,4915.909999999999,4820.0,1.3746451797529602,0.9804898787813449,ok
112383,0,unclassified,9818.960000000001,8235.0,16.671434480333552,0.8386835265649314,ok
113038,0,unclassified,12394.830000000002,10955.0,13.32552580148397,0.8838362446278003,ok
113129,0,unclassified,8387.699999999999,28085.0,145.86051415188157,3.3483553298282014,major over
113130,0,unclassified,9338.52,18375.0,76.76591737216711,1.9676565451484818,major over
11428,0,unclassified,25843.04,23085.0,17.6334239418678,0.8932772614986472,ok
115054,0,unclassified,10763.04,10840.0,0.7404958381474981,1.0071503961705985,ok
115055,0,unclassified,10763.04,11225.0,4.405813520305745,1.0429209591342221,ok
115065,0,unclassified,16651.21,16265.0,3.0104651236969984,0.9768058897821841,ok
116042,0,unclassified,11533.59,15095.0,30.864758713202008,1.3087859027414708,over
11647,0,unclassified,16824.97,17800.0,7.410342366178322,1.0579513663323024,ok
118493,0,unclassified,6122.17,5210.0,12.118091911354238,0.8510054441480717,ok
11891,0,unclassified,5566.489999999999,5480.0,1.1637742484687705,0.9844623811414376,ok
11892,0,unclassified,5566.489999999999,5165.0,5.480998937781385,0.9278737588677965,ok
120315,0,unclassified,18886.350000000002,8965.0,84.07418055093608,0.4746814498301683,major under
120503,0,unclassified,12927.54,14120.0,10.25403822104873,1.0922418340999138,ok
120888,0,unclassified,4536.12,3415.0,17.78086743094121,0.7528460446372671,under
121490,0,unclassified,24314.75,21520.0,18.461225587876015,0.8850594803565737,ok
121491,0,unclassified,24314.75,12805.0,84.48475851875372,0.5266350671917251,major under
121526,0,unclassified,8264.61,12940.0,45.406465466208616,1.5657121146672377,major over
121570,0,unclassified,6658.81,6585.0,0.9070343457529111,0.9889154368423186,ok
12255,0,unclassified,16212.609999999999,12465.0,31.296654090780365,0.7688459785315258,under
12275,0,unclassified,16527.67,16950.0,3.2642943867208647,1.025552906126514,ok
122861,0,unclassified,10276.939999999997,21425.0,88.54649511906753,2.0847645310763716,major over
122862,0,unclassified,10276.939999999997,10720.0,4.324137919017353,1.0431120547555988,ok
123009,0,unclassified,3341.74,2965.0,6.708945557791053,0.8872623244178183,ok
123010,0,unclassified,3341.74,2435.0,16.871603554037954,0.7286623136449873,under
123300,0,unclassified,3638.73,5850.0,32.10352546213708,1.6077037867607655,major over
123301,0,unclassified,3638.73,5275.0,24.50982600787025,1.4496816196859894,major over
123302,0,unclassified,6381.49,5275.0,14.493677495046091,0.8266094595462815,ok
123303,0,unclassified,6381.49,5280.0,14.425090099322002,0.8273929756216809,ok
123951,0,unclassified,3136.830000000001,3045.0,1.651737592788022,0.9707252225973353,ok
123952,0,unclassified,3136.830000000001,4240.0,18.164462579844663,1.3516830685755998,over
12490,0,unclassified,12696.690000000002,8940.0,36.118104088210494,0.7041205227504175,under
12492,0,unclassified,5644.6,6585.0,12.026008099334511,1.1666017078269495,ok
125408,0,unclassified,3732.5999999999995,3630.0,1.691012256403818,0.9725124578042117,ok
126120,0,unclassified,5721.440000000001,4430.0,18.12697791198013,0.7742806006879385,under
126121,0,unclassified,5721.440000000001,5910.0,2.4725656126455644,1.0329567381638187,ok
126605,0,unclassified,8241.53,3725.0,58.389637650229695,0.4519791834768544,major under
126608,0,unclassified,18083.340000000004,25285.0,48.90589512265089,1.3982483324430108,over
126610,0,unclassified,14773.880000000001,9590.0,46.967420785356886,0.6491185795471467,under
126612,0,unclassified,10805.100000000002,7395.0,35.747463009873094,0.6843990337895992,under
127951,0,unclassified,7747.590000000001,4405.0,42.88087950769756,0.5685639018068844,major under
127954,0,unclassified,10301.55,5485.0,54.21350125527018,0.5324441467546146,major under
127963,0,unclassified,8410.25,3575.0,62.461208503674605,0.425076543503463,major under
127966,0,unclassified,6162.79,3370.0,40.45230430674343,0.5468302505845567,major under
128889,0,unclassified,6183.919999999999,7520.0,16.140799899561156,1.2160571288114983,over
130928,0,unclassified,6456.16,555.0,99.66839133170267,0.08596441228222348,major under
131323,0,unclassified,14088.82,10335.0,33.968912738119364,0.7335603691437608,under
1320,0,unclassified,26304.409999999996,16535.0,66.75158674122258,0.6286018199990041,under
132595,0,unclassified,9389.07,9965.0,5.854617754952644,1.0613404735506287,ok
132596,0,unclassified,9389.07,9290.0,1.0251313994164533,0.9894483692208068,ok
132597,0,unclassified,9398.45,9915.0,5.256509261210994,1.0549611904090568,ok
132598,0,unclassified,9398.45,9220.0,1.849523222753815,0.9810128265831067,ok
132604,0,unclassified,9044.070000000002,9970.0,9.496325866565865,1.1023797913992261,ok
132606,0,unclassified,10111.35,9870.0,2.4146260819898235,0.9761307837232417,ok
133045,0,unclassified,24847.690000000006,15020.0,69.60747985126173,0.6044827507104281,under
133046,0,unclassified,45558.40000000001,15550.0,171.67512868743137,0.34132015171735614,major under
133580,0,unclassified,14553.090000000002,14980.0,3.513151522009463,1.029334663635008,ok
133597,0,unclassified,13314.519999999999,10830.0,22.612480584217412,0.8133977041605707,ok
133599,0,unclassified,5618.26,10005.0,49.633061266629774,1.780800461352803,major over
133622,0,unclassified,13385.559999999998,11255.0,19.194795083774395,0.8408314631588071,ok
133658,0,unclassified,2580.9199999999996,3590.0,18.16626471044725,1.3909768609643076,over
134092,0,unclassified,25406.250000000004,20180.0,34.61690565489277,0.7942927429274291,under
13443,0,unclassified,10824.55,16530.0,48.785427411579455,1.527084266782453,major over
13445,0,unclassified,13138.509999999998,17825.0,37.664967710289915,1.3566987428559252,over
134561,0,unclassified,20885.37,23970.0,20.597326542351684,1.1476933374893528,ok
134781,0,unclassified,17592.69,19685.0,15.325566338799337,1.1189306467629454,ok
134782,0,unclassified,17592.69,18390.0,5.944227126902953,1.0453205280147608,ok
134787,0,unclassified,6571.619999999999,6420.0,1.8812210756094103,0.9769280633998925,ok
134789,0,unclassified,7739.16,9120.0,15.039742160305407,1.1784224644535066,ok
134790,0,unclassified,8363.57,8750.0,4.177491019853315,1.046203953574849,ok
134809,0,unclassified,11566.11,4380.0,80.47879790876326,0.37869257684735835,major under
134810,0,unclassified,6077.58,3940.0,30.203409127902404,0.6482843500208965,under
134811,0,unclassified,5952.2,3020.0,43.77832230403589,0.507375424212896,major under
134889,0,unclassified,13996.89,20995.0,52.90686915803259,1.499976066111829,major over
136,0,unclassified,9350.22,9280.0,0.7275566779050447,0.992490016277692,ok
136108,0,unclassified,19327.52,26800.0,49.20392028708143,1.3866238399960265,over
136302,0,unclassified,14177.86,23315.0,66.73458928977502,1.644465384761875,major over
136479,0,unclassified,9247.869999999999,6795.0,27.387254481301404,0.7347637888508382,under
136480,0,unclassified,9247.869999999999,5200.0,47.62551024482248,0.5622916412103545,major under
136631,0,unclassified,9748.89,8205.0,16.29491397483503,0.8416342783639984,ok
136632,0,unclassified,9748.89,6525.0,35.73958661544842,0.6693069672547337,under
136815,0,unclassified,44774.380000000005,22745.0,119.8955458965893,0.507991400439269,major under
136839,0,unclassified,9377.200000000003,8840.0,5.62872704280764,0.9427121102248003,ok
137,0,unclassified,9350.22,9750.0,4.090881284947346,1.0427562132227906,ok
13826,0,unclassified,12299.630000000001,7195.0,51.70371724830449,0.5849769464609911,major under
138922,0,unclassified,6088.37,11435.0,57.119752004147074,1.878171004718833,major over
138931,0,unclassified,21070.789999999997,11655.0,73.60828379629491,0.5531354068831782,major under
138932,0,unclassified,21070.789999999997,10345.0,85.57960840193584,0.49096403124894705,major under
139927,0,unclassified,5030.27,6555.0,20.033409265741067,1.303110966210561,over
139934,0,unclassified,4753.2300000000005,3285.0,23.159483905650596,0.6911089932530089,under
141108,0,unclassified,16585.579999999998,12125.0,37.2293408982665,0.7310567372380105,under
141210,0,unclassified,13937.65,12550.0,12.05794290904577,0.9004387396727569,ok
141211,0,unclassified,13937.65,18090.0,32.813035909550834,1.297923251050213,over
141218,0,unclassified,14657.949999999997,12900.0,14.976076937543397,0.8800684952534292,ok
141219,0,unclassified,14657.949999999997,18220.0,27.781944782397293,1.2430114715905023,over
142,0,unclassified,5262.61,6585.0,17.181424950504525,1.2512802582748865,over
142190,0,unclassified,12765.36,14030.0,10.925771511270028,1.0990681030538896,ok
142192,0,unclassified,12582.670000000004,13780.0,10.42879583624587,1.0951570692070915,ok
142201,0,unclassified,13327.309999999998,20425.0,54.63617335572037,1.5325673372946231,major over
14269,0,unclassified,16665.219999999998,18060.0,10.585178992494624,1.0836940646448114,ok
143,0,unclassified,5262.61,7280.0,25.474806993311223,1.3833440061110363,over
143258,0,unclassified,25493.01,16890.0,59.09755686771262,0.6625345535893957,under
146017,0,unclassified,7275.410000000002,13740.0,63.06480399223719,1.888553359879374,major over
146018,0,unclassified,7275.410000000002,13040.0,57.196654359625754,1.7923388510063347,major over
146834,0,unclassified,18624.089999999997,9450.0,77.43283324439393,0.5074073417815315,major under
147260,0,unclassified,2547.23,4940.0,39.10707782171334,1.9393615810115301,major over
147261,0,unclassified,2547.23,4310.0,30.10483771230245,1.6920340919351609,major over
14859,0,unclassified,20099.75,27125.0,45.71849733795557,1.349519272627769,over
148911,0,unclassified,9096.11,10170.0,10.941523017809011,1.1180603576693773,ok
149049,0,unclassified,9016.83,13050.0,38.39649229695217,1.4472935610408537,major over
150141,0,unclassified,21331.370000000003,33100.0,71.33723532041763,1.5517053053788854,major over
150143,0,unclassified,18638.620000000003,22880.0,29.437486615549947,1.2275586926499922,over
150145,0,unclassified,5447.099999999999,7035.0,20.099919484540838,1.2915129151291513,over
150540,0,unclassified,45838.98,375.0,299.08577913892265,0.008180810305988483,major under
150924,0,unclassified,16760.770000000004,20345.0,26.314198366853873,1.2138463805660478,over
151381,0,unclassified,13829.559999999998,10435.0,30.818555356979267,0.7545431669554202,under
151438,0,unclassified,4902.55,4805.0,1.4001915535479106,0.9801021917165557,ok
152531,0,unclassified,20252.09,20185.0,0.4718270574769271,0.996687255488199,ok
15372,0,unclassified,24820.739999999998,25655.0,5.251399658841799,1.0336114072344338,ok
15373,0,unclassified,24957.58,24990.0,0.20514965113330466,1.001299004150242,ok
154148,0,unclassified,14043.09,23260.0,67.48821483841779,1.6563306223915106,major over
154843,0,unclassified,11264.83,21305.0,78.67709540577454,1.891284644331073,major over
155201,0,unclassified,15091.240000000003,10825.0,37.47781685513426,0.7173035482836398,under
155202,0,unclassified,15091.240000000003,16060.0,7.762355469897346,1.064193532141825,ok
155530,0,unclassified,2357.9700000000003,740.0,41.10994149130542,0.31382926839612035,major under
155531,0,unclassified,2357.9700000000003,1070.0,31.110159586234932,0.4537801583565524,major under
155791,0,unclassified,12643.150000000001,10140.0,23.452815571166987,0.802015320549072,ok
15588,0,unclassified,9094.91,6610.0,28.041932247901723,0.7267801440585998,under
155883,0,unclassified,22953.110000000004,28680.0,35.642626281651324,1.2495038798663882,over
155971,0,unclassified,6087.360000000001,6155.0,0.8645418550890756,1.0111115491773115,ok
15606,0,unclassified,10927.559999999998,13720.0,25.15427948409716,1.2555410356932384,over
156077,0,unclassified,11907.48,4530.0,81.37770165615652,0.3804331395055881,major under
156326,0,unclassified,8791.19,9480.0,7.2066100734559395,1.078352304978052,ok
156463,0,unclassified,2339.44,3835.0,26.91659075933188,1.6392811954997777,major over
157444,0,unclassified,8972.63,9600.0,6.510315592847382,1.06992041352424,ok
157931,0,unclassified,8793.729999999998,8445.0,3.756225648287633,0.9603433355356603,ok
158878,0,unclassified,9534.9,17865.0,71.16897711597859,1.8736431425604885,major over
159577,0,unclassified,22425.08,16125.0,45.37832072292564,0.719060979938533,under
160315,0,unclassified,4669.240000000001,4225.0,6.661595161539179,0.9048581782045899,ok
16269,0,unclassified,11751.78,50460.0,219.47339654357094,4.293817617416255,major over
16274,0,unclassified,7680.200000000001,4400.0,42.20639507352998,0.5729017473503294,major under
163381,0,unclassified,6132.75,5500.0,8.296710842339946,0.896824426236191,ok
163382,0,unclassified,6132.75,5100.0,13.780569156083768,0.8316008316008316,ok
163437,0,unclassified,3075.0,3425.0,6.139406135149205,1.113821138211382,ok
163438,0,unclassified,3075.0,3080.0,0.09013033256396528,1.0016260162601627,ok
163844,0,unclassified,12088.73,18375.0,50.9350209826908,1.5200107869064823,major over
164036,0,unclassified,10872.740000000002,7365.0,36.73304095360426,0.6773821502215632,under
164341,0,unclassified,9897.579999999998,8245.0,17.351138120983663,0.8330319128514244,ok
164342,0,unclassified,10998.58,9570.0,14.086964121280117,0.8701123235908635,ok
164343,0,unclassified,11070.87,8160.0,29.68508808823476,0.7370694444068081,under
164814,0,unclassified,19405.719999999998,21015.0,11.319952100733895,1.0829281263462527,ok
165572,0,unclassified,10494.84,15150.0,41.11020225136154,1.4435665527059012,major over
165573,0,unclassified,10494.84,13935.0,31.12671780365542,1.327795373726517,over
166594,0,unclassified,15085.0,13355.0,14.507624456467763,0.885316539608883,ok
166892,0,unclassified,3517.29,4135.0,9.98628416212009,1.1756210036704395,ok
167075,0,unclassified,12298.25,21625.0,71.61378155386572,1.7583802573536886,major over
167734,0,unclassified,12463.050000000001,11900.0,5.1014793423816345,0.9548224551775046,ok
167735,0,unclassified,12463.050000000001,12315.0,1.3301170089674463,0.9881208853370562,ok
167902,0,unclassified,17540.769999999997,9330.0,70.83678284829595,0.53190367355595,major under
167903,0,unclassified,8495.74,8760.0,2.8449827289721115,1.0311050008592542,ok
168722,0,unclassified,6221.34,6475.0,3.1836675726327073,1.040772566681776,ok
168972,0,unclassified,13473.010000000002,12905.0,4.945952774016876,0.9578408982105705,ok
169055,0,unclassified,14042.240000000003,16350.0,18.720794858541996,1.164344150221047,ok
16953,0,unclassified,7694.0599999999995,8305.0,6.830717506142524,1.0794041117433448,ok
169620,0,unclassified,13405.859999999999,11700.0,15.225474358389347,0.8727526618956188,ok
171724,0,unclassified,7596.48,6880.0,8.421463727006701,0.9056826319558533,ok
171725,0,unclassified,6540.429999999999,5955.0,7.4065228785219,0.9104905946550915,ok
17192,0,unclassified,8394.74,12260.0,38.03503708279655,1.4604383220921673,major over
172265,0,unclassified,8445.79,7500.0,10.592212757443784,0.8880163963347418,ok
17268,0,unclassified,15520.639999999998,13410.0,17.548909798683994,0.864010762442786,ok
174385,0,unclassified,21900.19,25705.0,24.661575660377476,1.1737341091561306,ok
174667,0,unclassified,22968.13,33985.0,65.28515268981502,1.4796589883460254,major over
175465,0,unclassified,3881.3400000000006,3955.0,1.1767659052887625,1.018977981831017,ok
17563,0,unclassified,6511.549999999999,4550.0,26.375845320246373,0.6987583601446661,under
177170,0,unclassified,6101.780000000001,9495.0,38.42461660014085,1.556103301003969,major over
177663,0,unclassified,14438.91,12640.0,15.459977033760934,0.8754123406822261,ok
177850,0,unclassified,18535.44,12145.0,51.59587329501167,0.6552312758693617,under
178513,0,unclassified,6884.389999999999,8515.0,18.582893599557416,1.2368561339494133,over
178525,0,unclassified,6347.88,6520.0,2.1458177535673175,1.0271145642324682,ok
178526,0,unclassified,6347.88,4890.0,19.44887928615713,0.7703359231743511,under
178528,0,unclassified,5606.610000000001,5480.0,1.7005273509540104,0.977417726576309,ok
180659,0,unclassified,9231.599999999997,8100.0,12.155941684225198,0.8774210321071106,ok
181001,0,unclassified,4669.240000000001,4210.0,6.892341834246531,0.9016456639624434,ok
181028,0,unclassified,6903.990000000001,8500.0,18.185866219806986,1.2311721193107172,over
182314,0,unclassified,8818.81,7150.0,18.676075224667485,0.8107669855683477,ok
182315,0,unclassified,8818.81,3700.0,64.69973225971326,0.4195577407836205,major under
182869,0,unclassified,8241.179999999998,7525.0,8.066292128213586,0.9130973962466542,ok
182937,0,unclassified,6025.379999999999,15765.0,93.30923066654914,2.6164324905649106,major over
182938,0,unclassified,6025.379999999999,6520.0,6.245177129706623,1.0820894283845999,ok
182955,0,unclassified,7998.759999999999,9955.0,20.64711729522275,1.2445679080257441,over
183922,0,unclassified,6300.56,4630.0,22.597264549647686,0.7348553144482395,under
184114,0,unclassified,7227.559999999999,5420.0,22.730256982981018,0.7499072992821922,under
185097,0,unclassified,18895.64,23060.0,28.75200193369982,1.2203873486158712,over
185850,0,unclassified,9284.77,7705.0,17.140169417998152,0.8298536204989461,ok
185851,0,unclassified,9284.77,6150.0,35.68375908241069,0.6623750507551613,under
186525,0,unclassified,13798.93,13890.0,0.7739933827907113,1.0065997870849406,ok
186542,0,unclassified,15269.720000000001,16060.0,6.314191252672916,1.0517547145592714,ok
187089,0,unclassified,14586.23,7170.0,71.1060194469587,0.4915595050948737,major under
187232,0,unclassified,8470.82,9130.0,7.026718721664563,1.0778177319315014,ok
187233,0,unclassified,8470.82,7740.0,8.117511826630503,0.9137249994687646,ok
187238,0,unclassified,8832.46,7085.0,19.58778631524192,0.802154779076271,ok
187239,0,unclassified,8832.46,7705.0,12.398859461527298,0.8723503984167492,ok
187240,0,unclassified,8995.029999999999,9330.0,3.4994400987946124,1.0372394533425682,ok
187244,0,unclassified,9030.790000000003,7130.0,21.14549435595684,0.7895211825322035,under
187697,0,unclassified,27078.620000000003,17770.0,62.16211141844675,0.6562372824021312,under
187698,0,unclassified,28018.810000000005,21580.0,40.886974868278365,0.7701968784541526,under
188217,0,unclassified,10492.760000000002,6730.0,40.548065707172164,0.6413946378264631,under
188219,0,unclassified,7511.660000000001,6570.0,11.222308249541312,0.8746402259953192,ok
188220,0,unclassified,7511.660000000001,6930.0,6.845034457680304,0.9225657178306791,ok
190378,0,unclassified,4585.659999999999,3800.0,12.133358104795871,0.8286702459406063,ok
190379,0,unclassified,4585.659999999999,2370.0,37.57067023148556,0.516828548126115,major under
192678,0,unclassified,5758.14,5620.0,1.8314657986374878,0.9760096142157015,ok
192679,0,unclassified,5758.14,4385.0,19.281623853355903,0.7615306331558455,under
192800,0,unclassified,14130.900000000003,17525.0,26.978158315501073,1.240189938362029,over
193015,0,unclassified,10705.98,1955.0,109.98615700098536,0.1826082245623474,major under
193172,0,unclassified,9639.699999999999,10320.0,6.809864398065282,1.0705727356660477,ok
193434,0,unclassified,2011.0199999999998,2645.0,13.13963002163071,1.315252956211276,over
193437,0,unclassified,6795.78,1880.0,74.63682745211301,0.2766422691729279,major under
193836,0,unclassified,14205.72,4475.0,100.68462765424964,0.3150139521263266,major under
194803,0,unclassified,14627.23,18730.0,31.768534375672964,1.2804885135463107,over
195529,0,unclassified,8311.97,8520.0,2.2676367813916856,1.0250277611685317,ok
196685,0,unclassified,7869.409999999999,8965.0,11.941643651387484,1.139221364752885,ok
196686,0,unclassified,7869.409999999999,8840.0,10.618673136146104,1.1233370735544344,ok
19793,0,unclassified,21482.0,12095.0,72.44707742421609,0.5630295130807187,major under
19796,0,unclassified,21365.670000000002,13175.0,62.325970208184685,0.6166434284532148,under
19797,0,unclassified,10827.28,10595.0,2.244367491071164,0.9785467818325563,ok
19799,0,unclassified,10062.14,10500.0,4.31833285674205,1.0435155940982734,ok
198083,0,unclassified,6079.74,11515.0,57.94872630957394,1.893995466911414,major over
199109,0,unclassified,7592.04,4915.0,33.85264358692966,0.6473885806713348,under
199319,0,unclassified,9729.989999999998,10280.0,5.498726864414532,1.056527293450456,ok
199320,0,unclassified,9729.989999999998,9815.0,0.8599382914952723,1.0087369051766757,ok
200099,0,unclassified,11206.929999999998,15360.0,36.03409036418401,1.3705805247288956,over
200256,0,unclassified,18523.37,210.0,189.22360503740637,0.011337029924900275,major under
201082,0,unclassified,11387.94,8050.0,33.8585538749994,0.7068881641455785,under
201083,0,unclassified,11387.94,8595.0,27.941319515152102,0.7547458100411487,under
201471,0,unclassified,35834.93,21010.0,87.93500269263924,0.5862994569823354,major under
201537,0,unclassified,10069.789999999999,10340.0,2.67483592336042,1.0268337274163613,ok
201539,0,unclassified,10642.939999999999,10555.0,0.8541902891197825,0.9917372455355382,ok
201540,0,unclassified,10642.939999999999,8470.0,22.22792814506356,0.7958327304297498,under
201718,0,unclassified,4552.209999999999,4160.0,5.9425041369175355,0.9138418482451383,ok
203315,0,unclassified,4938.249999999999,4585.0,5.119229215158334,0.9284665620412091,ok
203657,0,unclassified,5058.769999999999,1605.0,59.834051536585456,0.31727079902822236,major under
203706,0,unclassified,4276.97,7250.0,39.16126462902398,1.6951252872945097,major over
203767,0,unclassified,4901.11,7355.0,31.34683973831578,1.500680458100308,major over
203768,0,unclassified,4937.239999999999,8390.0,42.29716702859379,1.6993299900349186,major over
204640,0,unclassified,3707.75,3890.0,2.9569231349464222,1.0491537994740745,ok
204664,0,unclassified,10212.58,8925.0,13.16272204316507,0.8739221626660452,ok
204665,0,unclassified,5235.45,5725.0,6.612989910956201,1.0935067663715632,ok
204666,0,unclassified,5264.42,2985.0,35.49176887739272,0.5670140300355975,major under
204971,0,unclassified,11667.57,5405.0,67.78258698032764,0.4632498455119618,major under
204972,0,unclassified,11667.57,16155.0,38.04644322806593,1.38460707756628,over
205004,0,unclassified,24218.410000000003,14340.0,71.14468925227338,0.5921115382884342,major under
205839,0,unclassified,3443.3799999999997,4650.0,18.96795678358403,1.3504173225145062,over
205840,0,unclassified,3443.3799999999997,5905.0,36.00541581447242,1.7148847934297118,major over
206520,0,unclassified,4310.08,3860.0,7.041927639771017,0.8955750241294825,ok
207411,0,unclassified,14705.519999999999,3855.0,112.63425216836163,0.2621464592887569,major under
207412,0,unclassified,14705.519999999999,6635.0,78.12931508969851,0.45119111734913153,major under
207780,0,unclassified,7986.580000000001,60.0,124.96695227274661,0.00751260239051008,major under
207781,0,unclassified,7986.580000000001,11995.0,40.10267153429202,1.5018944279028068,major over
208154,0,unclassified,18507.210000000006,22065.0,24.97934093415287,1.1922380520888882,ok
208413,0,unclassified,10986.74,16285.0,45.37240922286484,1.4822413199911895,major over
209378,0,unclassified,6433.429999999999,7935.0,17.71560231121009,1.233401156148431,over
209379,0,unclassified,13361.69,8865.0,42.65505931076934,0.6634639779848207,under
209536,0,unclassified,5278.909999999999,7135.0,23.55915624933871,1.3516047820478094,over
209537,0,unclassified,5278.909999999999,5865.0,7.851642393527533,1.1110248138346743,ok
209634,0,unclassified,24271.83,325.0,215.93520792222944,0.013390008087564884,major under
209687,0,unclassified,10403.730000000001,10660.0,2.4971528551921582,1.024632511608817,ok
209688,0,unclassified,9469.189999999999,4905.0,53.83776499088688,0.5179957314194773,major under
209940,0,unclassified,7191.509999999999,4230.0,39.1892037115095,0.5881935782610329,major under
210130,0,unclassified,5105.91,1025.0,73.70713736148352,0.20074776092802263,major under
210131,0,unclassified,5105.91,5035.0,0.9958272793346064,0.9861121719732624,ok
210142,0,unclassified,6010.060000000001,6125.0,1.4755883802226104,1.019124601085513,ok
210143,0,unclassified,6010.060000000001,6285.0,3.506611073628468,1.0457466314812163,ok
211464,0,unclassified,13883.530000000002,10550.0,30.159647267716643,0.7598931971912041,under
211480,0,unclassified,19820.25,20605.0,5.519757077619406,1.0395933451898942,ok
212905,0,unclassified,13672.04,17670.0,31.936683341780345,1.292418688067033,over
212906,0,unclassified,8283.34,14690.0,59.77706730187159,1.7734392165479143,major over
212928,0,unclassified,7463.409999999998,12175.0,47.54767962846395,1.631291862566843,major over
213488,0,unclassified,14207.339999999998,11430.0,24.53056579960937,0.804513723188155,ok
213490,0,unclassified,12676.449999999999,12030.0,5.816272745879492,0.9490038614911904,ok
213502,0,unclassified,5938.26,10180.0,47.24979885004184,1.7143068845082565,major over
213503,0,unclassified,5938.26,10990.0,54.9097957085283,1.8507104774799352,major over
213544,0,unclassified,13437.79,16120.0,22.06336732927228,1.1996020178913347,ok
21423,0,unclassified,12369.63,12930.0,4.982333447589976,1.0453020826006922,ok
21470,0,unclassified,6610.719999999999,10455.0,41.6167059700913,1.5815221337464,major over
21472,0,unclassified,13865.339999999998,15345.0,12.243585697618368,1.1067164598920765,ok
214790,0,unclassified,7314.63,6630.0,8.199123457866353,0.9064026478441152,ok
214791,0,unclassified,6245.6500000000015,6245.0,0.008224998641403273,0.9998959275655854,ok
214991,0,unclassified,17541.85,20615.0,22.249102616632932,1.1751896179707386,ok
216814,0,unclassified,10310.880000000003,14500.0,37.61115885629661,1.4062815201030363,major over
216815,0,unclassified,10310.880000000003,10275.0,0.35365737068678693,0.9965201806247379,ok
216827,0,unclassified,10306.970000000001,10160.0,1.452837079752345,0.985740717203989,ok
217487,0,unclassified,7964.700000000001,9315.0,14.527041137734624,1.1695355757278993,ok
217977,0,unclassified,12993.59,14715.0,14.624873090403236,1.1324814774053975,ok
218265,0,unclassified,11381.490000000002,8295.0,31.117597391066496,0.7288149442647667,under
218355,0,unclassified,39421.020000000004,13225.0,161.46096319974174,0.3354809185556335,major under
218356,0,unclassified,13120.900000000001,10915.0,20.121975889247135,0.8318789107454518,ok
218983,0,unclassified,2332.6800000000003,2420.0,1.7912633405227383,1.0374333384776306,ok
219134,0,unclassified,4448.05,3320.0,18.100365370615524,0.7463944874720383,under
220297,0,unclassified,5500.9400000000005,10775.0,58.46379784028551,1.9587561398597328,major over
222673,0,unclassified,8301.59,8035.0,2.949702033896185,0.9678868746830426,ok
222731,0,unclassified,18970.36,21285.0,16.31498182937143,1.1220134989531036,ok
223311,0,unclassified,6186.549999999999,6845.0,8.157174679688113,1.106432502768102,ok
223312,0,unclassified,6186.549999999999,6500.0,3.9356050057863277,1.0506663649368388,ok
22350,0,unclassified,8156.2300000000005,5570.0,31.218102852391567,0.6829135519719282,under
223582,0,unclassified,13285.650000000001,10305.0,27.444544465161567,0.775648914430231,under
223623,0,unclassified,6993.71,7930.0,10.838944242315774,1.1338760114445694,ok
223624,0,unclassified,14652.44,11690.0,25.8128858672607,0.7978193393045799,under
224207,0,unclassified,10877.04,11375.0,4.720897162807581,1.0457808374337134,ok
224281,0,unclassified,3019.2599999999993,2695.0,6.066362770508168,0.8926028232083361,ok
224282,0,unclassified,3019.2599999999993,0.0,77.70791465481491,0.0,major under
224283,0,unclassified,4881.03,8790.0,47.27991826102042,1.8008494108825392,major over
224284,0,unclassified,14082.320000000002,7270.0,65.93067214854054,0.5162501633253611,major under
224768,0,unclassified,7602.14,11245.0,37.52621397408475,1.4791887547453744,major over
224769,0,unclassified,7602.14,3240.0,59.24573508008898,0.4261957817140963,major under
24074,0,unclassified,23713.72,39170.0,87.16675164061674,1.6517863920127251,major over
2445,0,unclassified,6827.660000000001,11040.0,44.56609441889773,1.6169522208194314,major over
24691,0,unclassified,7453.59,11550.0,42.024309808799,1.5495888558399376,major over
24705,0,unclassified,7443.13,11510.0,41.77676596742819,1.5463924451138162,major over
24706,0,unclassified,7443.13,11200.0,38.91183853641336,1.5047433001976318,major over
24792,0,unclassified,12260.5,14925.0,22.8539914146432,1.2173239264304065,over
2564,0,unclassified,13485.69,13020.0,4.045221929036173,0.9654678403552209,ok
28110,0,unclassified,9072.679999999998,13125.0,38.46492922517552,1.4466508242327518,major over
28215,0,unclassified,12123.23,16705.0,38.16271754092592,1.3779331085857482,over
28216,0,unclassified,12123.23,6305.0,60.612761550478865,0.5200759203611579,major under
28677,0,unclassified,10570.439999999997,5940.0,50.96334616595365,0.5619444412909965,major under
28678,0,unclassified,10570.439999999997,5225.0,60.149579130300005,0.49430298076522844,major under
29416,0,unclassified,35055.44,30895.0,22.911072116527983,0.8813182775626265,ok
29445,0,unclassified,10283.689999999999,7935.0,24.608328943404988,0.7716101905055482,under
30369,0,unclassified,7030.07,8710.0,18.936636985866084,1.2389634811602162,over
30374,0,unclassified,10848.26,8030.0,29.007818737387524,0.7402108725270228,under
30406,0,unclassified,17856.64,9560.0,70.86146538092262,0.5353750761621447,major under
30407,0,unclassified,7657.119999999999,7110.0,6.367217517631757,0.9285475479031282,ok
30595,0,unclassified,26229.16,32890.0,38.741806892888526,1.2539478961583215,over
30596,0,unclassified,25951.850000000002,35540.0,54.68157787255894,1.3694592100370493,over
30597,0,unclassified,28534.059999999998,38375.0,53.803325242599506,1.3448839737492668,over
30604,0,unclassified,9440.850000000002,10745.0,12.981324989579331,1.1381390446834763,ok
30607,0,unclassified,8957.31,8090.0,9.394235048646836,0.9031729391971474,ok
30614,0,unclassified,7489.509999999999,10415.0,30.919495261826622,1.3906116688541708,over
30615,0,unclassified,7489.509999999999,11185.0,38.24392181401277,1.493422133090149,major over
30637,0,unclassified,11903.49,7950.0,39.680506927790184,0.6678713553756084,under
31600,0,unclassified,4923.62,6385.0,19.43449910541983,1.2968100706390826,over
31601,0,unclassified,4923.62,5330.0,5.67555993954162,1.0825368326556477,ok
31606,0,unclassified,6442.349999999999,8040.0,18.774877932713995,1.2479918042329274,over
31607,0,unclassified,6442.349999999999,7845.0,16.595428554439337,1.2177233462944423,over
3166,0,unclassified,6975.3,8640.0,18.83977931362974,1.2386564018751882,over
32208,0,unclassified,10446.15,13975.0,31.934869115562737,1.337813452803186,over
3445,0,unclassified,3479.49,730.0,59.931121008823034,0.20980086162052486,major under
34622,0,unclassified,7129.140000000001,14755.0,72.90193967615241,2.0696746031078077,major over
34623,0,unclassified,17522.709999999995,11015.0,54.47956473209981,0.6286128116027716,under
34912,0,unclassified,19044.109999999997,20005.0,6.8767478690703685,1.0504560202603326,ok
35020,0,unclassified,16368.939999999999,10185.0,53.66804561033939,0.6222149998717083,under
35692,0,unclassified,25600.23,19885.0,37.89775752911809,0.7767508338792268,under
39278,0,unclassified,7832.16,8430.0,6.629959145405812,1.0763314334742906,ok
39279,0,unclassified,7832.16,8285.0,5.044469736540923,1.0578180221037363,ok
39281,0,unclassified,9140.03,8415.0,7.738738770924278,0.9206753150700817,ok
39756,0,unclassified,7817.669999999999,5660.0,26.2840697990553,0.7240008851742272,under
41652,0,unclassified,9641.06,685.0,124.64207493352006,0.07105027870379399,major under
43401,0,unclassified,24038.230000000003,28110.0,25.216130878707734,1.1693872635381222,ok
44486,0,unclassified,29083.440000000002,31000.0,11.057578287659902,1.0658986694833898,ok
44487,0,unclassified,26955.99,31650.0,27.421297779500104,1.1741360640065528,ok
44509,0,unclassified,23303.149999999998,19995.0,22.48358294640908,0.8580385055239313,ok
44752,0,unclassified,16250.69,16665.0,3.22952709011512,1.0254949174465822,ok
4488,0,unclassified,24095.399999999994,18960.0,35.000597670051704,0.7868721830722879,under
44912,0,unclassified,7474.7300000000005,9330.0,20.239806226800482,1.2482056208050323,over
44913,0,unclassified,7474.7300000000005,9430.0,21.267557486305908,1.261584030459963,over
44929,0,unclassified,5236.379999999999,5400.0,2.243646662861322,1.031246777353821,ok
44930,0,unclassified,5236.379999999999,4955.0,3.941774045242402,0.9462644040348487,ok
44931,0,unclassified,5267.94,5445.0,2.419252070628654,1.0336108611715396,ok
44932,0,unclassified,5267.94,4955.0,4.377117148184629,0.9405953750422367,ok
45600,0,unclassified,6605.799999999999,7925.0,15.476789573361609,1.1997032910472616,ok
45891,0,unclassified,11667.139999999998,11050.0,5.790577343444848,0.9471044317630544,ok
46446,0,unclassified,24233.01,16690.0,52.732200709352114,0.6887299596707137,under
46451,0,unclassified,26045.52,18490.0,50.63211785785388,0.709910955895678,under
47115,0,unclassified,6485.859999999999,8870.0,27.20881827406304,1.3675904197747102,over
47885,0,unclassified,12004.059999999996,13540.0,13.590776975033911,1.1279517096715614,ok
48106,0,unclassified,5278.909999999999,7120.0,23.3828941203749,1.3487632863602528,over
48107,0,unclassified,5278.909999999999,5855.0,7.7211409617475955,1.1091304833763034,ok
4818,0,unclassified,6196.12,11480.0,56.20493801353483,1.852772380134665,major over
4819,0,unclassified,6196.12,9325.0,35.517498987664645,1.504974080553637,major over
49171,0,unclassified,8697.249999999998,9785.0,11.315315548969815,1.1250682687056255,ok
49417,0,unclassified,21134.16,28975.0,49.53578255868096,1.3710031531889604,over
49688,0,unclassified,16404.37,16240.0,1.2865699608698966,0.9899801089587714,ok
49689,0,unclassified,16404.37,18585.0,16.486517161077273,1.1329298229679043,ok
49775,0,unclassified,4299.48,6280.0,27.230904640072836,1.4606417520258266,major over
49776,0,unclassified,5523.41,5990.0,6.149622249130065,1.0844749891824073,ok
49778,0,unclassified,8853.570000000002,14440.0,51.764417588144966,1.6309804971327948,major over
51468,0,unclassified,16676.85,16160.0,4.033655221028216,0.9690079361510118,ok
5201,0,unclassified,15949.030000000002,13050.0,24.07553639199716,0.8182315789737682,ok
52588,0,unclassified,10851.4,19840.0,72.56023866513112,1.8283355143115174,major over
52658,0,unclassified,5705.35,12450.0,70.79003103796225,2.1821623563847967,major over
53338,0,unclassified,13282.14,12720.0,4.930091061698177,0.9576770008447434,ok
53433,0,unclassified,10598.42,9465.0,11.31627225131939,0.8930576444413413,ok
5351,0,unclassified,7182.97,3845.0,44.952064161741866,0.535293896535834,major under
545,0,unclassified,29707.309999999998,12205.0,120.90369416855886,0.41084164133339574,major under
5465,0,unclassified,8554.15,4850.0,45.24638883655551,0.5669762629834642,major under
5493,0,unclassified,10450.44,8705.0,17.83503049129863,0.8329792812551433,ok
5494,0,unclassified,12895.149999999998,8360.0,43.99208711243589,0.6483057583665177,under
54940,0,unclassified,9166.399999999996,7255.0,21.09412375113703,0.7914775702565896,under
5495,0,unclassified,9152.349999999999,6185.0,33.8850872468388,0.6757827224701853,under
55490,0,unclassified,8757.41,8400.0,3.8588316559088023,0.9591877050406455,ok
55491,0,unclassified,8757.41,7900.0,9.395065332614578,0.9020931987882262,ok
55813,0,unclassified,9432.970000000001,8620.0,8.556874989656935,0.9138161151789944,ok
55819,0,unclassified,11438.249999999996,10725.0,6.77547981049164,0.9376434332174942,ok
55972,0,unclassified,5639.860000000001,4245.0,19.840853791182578,0.7526782579709425,under
56324,0,unclassified,13034.140000000001,12575.0,4.05753832457586,0.9647740472328822,ok
56401,0,unclassified,10785.710000000001,13500.0,24.631782560598328,1.2516561264858779,over
56728,0,unclassified,2779.4900000000002,1455.0,28.78479399842255,0.5234773285746666,major under
56729,0,unclassified,2779.4900000000002,1300.0,32.75850664584372,0.4677117025065749,major under
57390,0,unclassified,13831.250000000002,10230.0,32.83289489156207,0.7396294622684139,under
57699,0,unclassified,18767.77,23335.0,31.478392461957622,1.243354964388417,over
57811,0,unclassified,7937.57,10400.0,25.71627131468702,1.3102246657352314,over
58267,0,unclassified,4984.79,4135.0,12.584448708351536,0.8295234102138705,ok
58268,0,unclassified,4984.79,5660.0,9.25518948022511,1.135454051223823,ok
58657,0,unclassified,9988.98,13485.0,32.2697455672957,1.3499876864304463,over
58658,0,unclassified,22975.39,14795.0,59.526900840668034,0.6439498959538881,under
59248,0,unclassified,8283.18,5820.0,29.33273934232633,0.7026287005715196,under
59323,0,unclassified,9166.399999999996,7255.0,21.09412375113703,0.7914775702565896,under
59743,0,unclassified,5849.579999999999,6730.0,11.101248560675565,1.1505099511417916,ok
59744,0,unclassified,5446.209999999998,4425.0,14.535998220657742,0.8124916226146258,ok
59745,0,unclassified,5446.209999999998,6185.0,9.687764159294066,1.1356521324003301,ok
60791,0,unclassified,6846.02,10815.0,42.23631470102545,1.5797499861233242,major over
618,0,unclassified,4304.77,3495.0,12.966888690571002,0.8118900661359375,ok
619,0,unclassified,4304.77,3470.0,13.388689063667792,0.8060825549332484,ok
62004,0,unclassified,10640.75,13485.0,25.896576404047902,1.2672978878368537,over
6229,0,unclassified,20883.239999999998,25055.0,27.52625553847263,1.1997659367033087,ok
63125,0,unclassified,10877.279999999999,4675.0,70.33465037344742,0.4297949487371843,major under
63126,0,unclassified,10877.279999999999,6065.0,52.28534270734686,0.5575842490034274,major under
6336,0,unclassified,6855.910000000003,5230.0,20.915671973718727,0.762845486594777,under
6337,0,unclassified,6855.910000000003,7205.0,4.163376550956613,1.0509181129857301,ok
63501,0,unclassified,6021.57,13940.0,79.26048612755571,2.3150108692583498,major over
63502,0,unclassified,6021.57,6315.0,3.7361327402085447,1.0487298163103642,ok
63503,0,unclassified,8273.26,15855.0,69.0272994614033,1.9164150528328614,major over
63504,0,unclassified,8273.26,7720.0,6.186938107260655,0.9331267239274481,ok
63718,0,unclassified,15139.560000000003,16685.0,12.251406293244804,1.1020795848756502,ok
65816,0,unclassified,8490.100000000002,11275.0,28.013998110563893,1.3280173378405433,over
66019,0,unclassified,21950.09,18635.0,23.27164399416747,0.8489714620760097,ok
69309,0,unclassified,2053.7599999999998,2210.0,3.383848046796003,1.0760751012776568,ok
69534,0,unclassified,12104.489999999998,7280.0,49.00486743601374,0.6014297174023855,under
70262,0,unclassified,15272.239999999998,22815.0,54.658226481560476,1.4938869478216688,major over
70263,0,unclassified,15272.239999999998,14550.0,5.914613970385837,0.9527089673813404,ok
70917,0,unclassified,17139.44,20000.0,20.991737349861136,1.1668992685875386,ok
70918,0,unclassified,17139.44,15745.0,10.874758088293154,0.9186414491955397,ok
71894,0,unclassified,19841.16,14440.0,41.25478099698107,0.7277800289902405,under
71914,0,unclassified,20581.39,13690.0,52.64485897133929,0.6651640146753937,under
71915,0,unclassified,10184.91,10090.0,0.942643557525043,0.9906813118623532,ok
72456,0,unclassified,12114.2,24455.0,91.26422748338943,2.018705321028215,major over
72540,0,unclassified,14449.740000000005,0.0,169.99847058135555,0.0,major under
74640,0,unclassified,17317.84,22770.0,38.5103319253374,1.3148291010888193,over
75050,0,unclassified,6455.83,10865.0,47.37917476304412,1.6829749234412925,major over
75158,0,unclassified,6004.420000000002,4360.0,22.843110792690656,0.7261317496111196,under
76035,0,unclassified,7144.530000000001,16045.0,82.6574428009609,2.2457740397198975,major over
76429,0,unclassified,10491.839999999998,9200.0,13.019088414545363,0.8768719309482418,ok
76430,0,unclassified,12417.76,10280.0,20.06699972353684,0.827846568141114,ok
76431,0,unclassified,12417.76,12690.0,2.4297576020399765,1.0219234386878149,ok
80345,0,unclassified,11001.43,11370.0,3.484882244819061,1.0335020083752748,ok
80364,0,unclassified,10655.53,11325.0,6.3859724144993395,1.0628284092860703,ok
81142,0,unclassified,6786.8,5990.0,9.969038538620937,0.8825956268049744,ok
81143,0,unclassified,6786.8,4230.0,34.44958724619857,0.6232686980609418,under
835,0,unclassified,15261.78,22535.0,52.907144287841604,1.4765643326007845,major over
84171,0,unclassified,4879.630000000001,2275.0,43.547923030271704,0.4662238735313947,major under
85291,0,unclassified,2870.61,2370.0,9.77965643153893,0.8256084943618255,ok
85292,0,unclassified,5319.48,1970.0,55.48097855316511,0.37033695022821783,major under
85354,0,unclassified,9354.47,6860.0,27.70396336811067,0.7333392485090017,under
85355,0,unclassified,5050.6900000000005,5165.0,1.599430486541593,1.022632551195975,ok
862,0,unclassified,9637.42,9830.0,1.9519647961661477,1.0199825264437992,ok
863,0,unclassified,9637.42,12280.0,25.243433568940173,1.2741999414781133,over
866,0,unclassified,10387.96,12575.0,20.410694826808136,1.210536043650534,over
867,0,unclassified,9993.350000000002,7135.0,30.8867803605045,0.7139747932375028,under
87612,0,unclassified,16661.71,15015.0,13.08464928080143,0.9011680073653905,ok
88642,0,unclassified,29310.2,34065.0,26.71084212377927,1.1622233898096908,ok
88644,0,unclassified,33954.2,30055.0,21.79562414047706,0.885162954803824,ok
89849,0,unclassified,17174.260000000002,18420.0,9.33796890101143,1.0725352940970962,ok
90817,0,unclassified,7665.2699999999995,8395.0,8.143306433779001,1.0951995167815354,ok
90893,0,unclassified,4557.559999999999,3650.0,14.167176715595824,0.8008671306576328,ok
92604,0,unclassified,3517.29,4250.0,11.757428774202415,1.208316630132858,over
93313,0,unclassified,26384.19,20245.0,40.206580307254015,0.7673155780033422,under
93735,0,unclassified,1633.0100000000002,1625.0,0.19845923247605254,0.9950949473671318,ok
93988,0,unclassified,15369.77,20285.0,36.81289930778579,1.3197985396007876,over
94014,0,unclassified,9213.13,11560.0,23.027832497347067,1.2547310197511596,over
94901,0,unclassified,6784.709999999999,7635.0,10.013912821498268,1.1253244427543698,ok
95074,0,unclassified,15234.84,17285.0,16.077871512232246,1.1345704976225546,ok
9542,0,unclassified,11334.230000000001,8795.0,25.31065925567627,0.7759680190008496,under
96053,0,unclassified,19673.61,24275.0,31.0406974092032,1.2338864092558508,over
96057,0,unclassified,26024.920000000002,22680.0,21.434547316495497,0.8714724195117602,ok
96913,0,unclassified,7791.969999999999,6925.0,10.10671141835915,0.8887354545769556,ok
97635,0,unclassified,6939.6900000000005,1475.0,84.24836236053385,0.21254551716287037,major under
98133,0,unclassified,4582.75,3555.0,16.112031838571088,0.7757350935573618,under
98429,0,unclassified,22076.17,22930.0,5.691809808190944,1.0386765457957607,ok
98546,0,unclassified,3693.4500000000003,2735.0,16.90562862562338,0.7405000744561318,under
99763,0,unclassified,7041.37,6780.0,3.144091591162958,0.9628808030255476,ok
99764,0,unclassified,7041.37,6895.0,1.7534453579977134,0.9792128520444175,ok
