Iteration;bike_travel;bike_wait;car_travel;car_wait;car_passenger_travel;car_passenger_wait;pt_travel;pt_wait;stageActivity_travel;stageActivity_wait;walk_travel;walk_wait
0;33457;0;976709;0;10657;0;106741;16897;0;0;78372;0
1;33549;0;873940;0;11915;0;106804;16149;0;0;81248;0
2;33558;0;809821;0;13215;0;100266;15879;0;0;82924;0
3;33580;0;758226;0;14509;0;106269;15561;0;0;83586;0
4;33690;0;755613;0;15720;0;88954;15813;0;0;84835;0
5;33707;0;769126;0;16967;0;83803;15586;0;0;85289;0
6;33705;0;710499;0;17620;0;79075;15564;0;0;85375;0
7;33677;0;682133;0;18498;0;85884;15299;0;0;85489;0
8;33748;0;674965;0;18888;0;82020;15328;0;0;85598;0
9;33766;0;694004;0;19559;0;76356;15213;0;0;85823;0
10;33670;0;647683;0;19651;0;84354;14978;0;0;85679;0
11;33736;0;636421;0;19856;0;80022;14979;0;0;85941;0
12;33809;0;682089;0;20282;0;73618;14875;0;0;86361;0
13;33744;0;678798;0;20394;0;73810;14944;0;0;86028;0
14;33697;0;658320;0;20683;0;78383;14742;0;0;85891;0
15;33710;0;652763;0;20753;0;76677;14652;0;0;85981;0
16;33727;0;666194;0;20799;0;80131;15099;0;0;85972;0
17;33764;0;696878;0;20822;0;76414;14570;0;0;85839;0
18;33703;0;703508;0;20643;0;80271;14738;0;0;85900;0
19;33730;0;688180;0;20620;0;74360;14535;0;0;86111;0
20;33746;0;654940;0;20709;0;77698;14755;0;0;86245;0
21;33789;0;665373;0;20929;0;73375;15223;0;0;86537;0
22;33733;0;643201;0;20852;0;74649;14774;0;0;86313;0
23;33722;0;641687;0;20824;0;74880;14808;0;0;86363;0
24;33735;0;690774;0;20768;0;74196;14818;0;0;86254;0
25;33733;0;659137;0;20752;0;75105;14759;0;0;86105;0
26;33703;0;661860;0;20804;0;81549;14697;0;0;85976;0
27;33779;0;641997;0;20501;0;71243;14852;0;0;86664;0
28;33741;0;662136;0;20797;0;75727;14633;0;0;86392;0
29;33731;0;643165;0;20465;0;74582;14671;0;0;86102;0
30;33712;0;657495;0;20408;0;79805;14703;0;0;85868;0
31;33765;0;629466;0;20384;0;72942;15094;0;0;86474;0
32;33745;0;653436;0;20374;0;73274;14786;0;0;86487;0
33;33750;0;667064;0;20341;0;70764;14622;0;0;86411;0
34;33792;0;664516;0;20128;0;75201;14926;0;0;86506;0
35;33779;0;641166;0;20167;0;72367;14678;0;0;86529;0
36;33749;0;628189;0;20173;0;75847;14969;0;0;86484;0
37;33735;0;667175;0;20120;0;75511;14607;0;0;86358;0
38;33839;0;654720;0;20159;0;67971;14936;0;0;86723;0
39;33745;0;631160;0;20077;0;74841;14679;0;0;86341;0
40;33722;0;637035;0;19907;0;77440;14833;0;0;86274;0
41;33716;0;621505;0;20130;0;76019;14557;0;0;86389;0
42;33782;0;673839;0;19962;0;69219;14574;0;0;86371;0
43;33779;0;649400;0;19940;0;70905;14864;0;0;86580;0
44;33735;0;670983;0;19947;0;73831;14363;0;0;86221;0
45;33771;0;632009;0;19796;0;76326;14702;0;0;86325;0
46;33769;0;693749;0;20005;0;72053;14659;0;0;86447;0
47;33727;0;654567;0;20070;0;74840;14954;0;0;86492;0
48;33684;0;624604;0;19925;0;76904;14526;0;0;85986;0
49;33727;0;661557;0;19782;0;77811;14592;0;0;86364;0
50;33802;0;627153;0;19765;0;67816;14862;0;0;86804;0
51;33811;0;666097;0;19777;0;74156;14989;0;0;86425;0
52;33757;0;627148;0;19725;0;74298;14487;0;0;86272;0
53;33831;0;695014;0;19583;0;69680;14700;0;0;86750;0
54;33758;0;670783;0;19798;0;75070;14806;0;0;86464;0
55;33628;0;666448;0;19713;0;82201;14705;0;0;85549;0
56;33754;0;699721;0;19616;0;80976;14383;0;0;86151;0
57;33767;0;624559;0;19469;0;72517;14683;0;0;86379;0
58;33756;0;670777;0;19477;0;72826;14526;0;0;86462;0
59;33717;0;662625;0;19551;0;77252;14491;0;0;85640;0
60;33752;0;644228;0;19308;0;73487;14695;0;0;86504;0
61;33735;0;657205;0;19500;0;72960;14429;0;0;86378;0
62;33730;0;631600;0;19576;0;81576;14505;0;0;86103;0
63;33715;0;624951;0;19569;0;77840;14744;0;0;86344;0
64;33710;0;680972;0;19571;0;78645;14488;0;0;86060;0
65;33777;0;658571;0;19375;0;68516;14783;0;0;86455;0
66;33723;0;640324;0;19406;0;70842;14630;0;0;86582;0
67;33790;0;622383;0;19720;0;68093;14565;0;0;86648;0
68;33713;0;597178;0;19650;0;81584;14973;0;0;86027;0
69;33803;0;640387;0;19392;0;67609;14525;0;0;86852;0
70;33798;0;720713;0;19533;0;68816;14608;0;0;86674;0
71;33716;0;660495;0;19616;0;78264;14679;0;0;86206;0
72;33683;0;642417;0;19321;0;83458;14428;0;0;85963;0
73;33808;0;607718;0;19278;0;68369;14646;0;0;86463;0
74;33690;0;613138;0;19429;0;78421;14925;0;0;86244;0
75;33773;0;672134;0;19437;0;74636;14577;0;0;86271;0
76;33762;0;659411;0;19420;0;67329;14750;0;0;86576;0
77;33819;0;660032;0;19318;0;67306;14558;0;0;86783;0
78;33727;0;648812;0;19398;0;76583;14868;0;0;86425;0
79;33739;0;658164;0;19193;0;74086;14437;0;0;86279;0
80;33700;0;629575;0;19277;0;71309;14572;0;0;86563;0
81;33772;0;637756;0;19500;0;75201;14689;0;0;86326;0
82;33729;0;648869;0;19290;0;74361;14709;0;0;86161;0
83;33743;0;647748;0;19375;0;78602;14689;0;0;86048;0
84;33722;0;612794;0;19203;0;79678;15015;0;0;86030;0
85;33703;0;632881;0;19385;0;80068;14298;0;0;86278;0
86;33741;0;624436;0;19323;0;76332;14839;0;0;86493;0
87;33805;0;608242;0;19339;0;73296;14859;0;0;86523;0
88;33797;0;653589;0;19318;0;72343;14430;0;0;86357;0
89;33777;0;637776;0;19391;0;73659;14711;0;0;86501;0
90;33805;0;619060;0;19365;0;71429;14698;0;0;86713;0
91;33754;0;624572;0;19425;0;73757;14706;0;0;86563;0
92;33751;0;628139;0;19383;0;77785;14573;0;0;86294;0
93;33736;0;646309;0;19346;0;75203;14633;0;0;86503;0
94;33770;0;678899;0;19456;0;74941;14665;0;0;86355;0
95;33758;0;626250;0;19260;0;78344;14829;0;0;86167;0
96;33692;0;624996;0;19059;0;80787;14432;0;0;86261;0
97;33790;0;694897;0;19325;0;71361;14510;0;0;86771;0
98;33806;0;644417;0;19276;0;73039;14602;0;0;86550;0
99;33767;0;621507;0;19284;0;76993;14682;0;0;86249;0
100;33687;0;692789;0;19267;0;78632;14478;0;0;86129;0
101;33755;0;648401;0;19139;0;74518;14332;0;0;86149;0
102;33760;0;616175;0;19223;0;76629;14794;0;0;86180;0
103;33835;0;660618;0;19232;0;66603;14853;0;0;86994;0
104;33751;0;604162;0;19052;0;72576;14709;0;0;86181;0
105;33820;0;648344;0;19154;0;67343;14788;0;0;86719;0
106;33771;0;650641;0;19309;0;68248;14585;0;0;87034;0
107;33734;0;624817;0;19483;0;73540;14563;0;0;86517;0
108;33724;0;643272;0;19155;0;80460;14384;0;0;86344;0
109;33804;0;629150;0;19318;0;68100;14590;0;0;86720;0
110;33792;0;631829;0;19265;0;70030;14785;0;0;86659;0
111;33744;0;646936;0;19241;0;73521;14654;0;0;86554;0
112;33753;0;665424;0;19200;0;68407;14520;0;0;86627;0
113;33750;0;612806;0;19157;0;74955;14957;0;0;86188;0
114;33797;0;633953;0;19288;0;66141;14842;0;0;86782;0
115;33738;0;624407;0;19222;0;74888;14670;0;0;86582;0
116;33754;0;640870;0;19250;0;78606;14597;0;0;86235;0
117;33684;0;606395;0;19055;0;77770;14668;0;0;86065;0
118;33806;0;657542;0;19134;0;69471;14656;0;0;86824;0
119;33791;0;633371;0;19443;0;72309;14897;0;0;86463;0
120;33787;0;660560;0;19222;0;75215;14597;0;0;86424;0
121;33772;0;685466;0;19300;0;72681;14594;0;0;86502;0
122;33739;0;662813;0;19101;0;68827;14624;0;0;86674;0
123;33743;0;659451;0;19279;0;77121;14700;0;0;86343;0
124;33762;0;632208;0;18862;0;74197;14541;0;0;86415;0
125;33717;0;640315;0;19066;0;75967;14559;0;0;86541;0
126;33807;0;662675;0;19148;0;73132;14580;0;0;86532;0
127;33752;0;638813;0;18999;0;72912;14648;0;0;85985;0
128;33782;0;647129;0;19058;0;70849;14685;0;0;86501;0
129;33816;0;662436;0;19230;0;68022;14999;0;0;86810;0
130;33768;0;626572;0;19277;0;74201;14814;0;0;86614;0
131;33712;0;650095;0;19341;0;73901;14359;0;0;86282;0
132;33733;0;609673;0;19246;0;78352;14622;0;0;86323;0
133;33761;0;679894;0;19222;0;75597;14611;0;0;86441;0
134;33780;0;638633;0;19049;0;75308;14693;0;0;86365;0
135;33800;0;594180;0;19152;0;75399;14592;0;0;86302;0
136;33791;0;625898;0;19225;0;67118;14918;0;0;86780;0
137;33705;0;608707;0;19137;0;72716;14321;0;0;86136;0
138;33713;0;625747;0;19194;0;81742;14257;0;0;86029;0
139;33760;0;621799;0;19234;0;72191;14640;0;0;86469;0
140;33812;0;674376;0;19073;0;65303;14474;0;0;86907;0
141;33761;0;693318;0;19185;0;71266;14727;0;0;86561;0
142;33814;0;617098;0;19141;0;71329;14563;0;0;86588;0
143;33785;0;652359;0;19189;0;70213;14452;0;0;86591;0
144;33660;0;622726;0;19027;0;81477;14670;0;0;85706;0
145;33749;0;640570;0;18841;0;72327;14724;0;0;86357;0
146;33753;0;661252;0;18904;0;77616;14294;0;0;85988;0
147;33789;0;662655;0;18897;0;67566;14255;0;0;86326;0
148;33743;0;645781;0;19139;0;77047;14558;0;0;86542;0
149;33765;0;641208;0;19413;0;72802;14738;0;0;86300;0
150;33823;0;671638;0;19249;0;69062;14427;0;0;86734;0
151;33771;0;634081;0;18994;0;70812;14629;0;0;86684;0
152;33791;0;641529;0;19079;0;75721;14773;0;0;86637;0
153;33750;0;667293;0;19101;0;71870;14692;0;0;86210;0
154;33727;0;672615;0;18866;0;79541;14294;0;0;86028;0
155;33729;0;620414;0;19115;0;70204;14723;0;0;86542;0
156;33713;0;662474;0;18957;0;71806;14637;0;0;86352;0
157;33710;0;686798;0;19000;0;72461;14514;0;0;85943;0
158;33786;0;623238;0;19071;0;71688;14596;0;0;86356;0
159;33778;0;615841;0;18970;0;71308;14723;0;0;86801;0
160;33783;0;613982;0;19295;0;73828;14534;0;0;86448;0
161;33819;0;674015;0;19283;0;69699;14678;0;0;86763;0
162;33793;0;625125;0;19337;0;70701;14883;0;0;86592;0
163;33794;0;633380;0;19104;0;65936;14617;0;0;86798;0
164;33691;0;662088;0;19070;0;74871;14665;0;0;86303;0
165;33714;0;658842;0;18798;0;77546;14335;0;0;86146;0
166;33831;0;633772;0;18845;0;69444;14688;0;0;86693;0
167;33770;0;618558;0;18768;0;72641;14778;0;0;86644;0
168;33808;0;647146;0;18815;0;68130;14547;0;0;86836;0
169;33724;0;634377;0;19042;0;74628;14458;0;0;86459;0
170;33765;0;672906;0;18995;0;74545;14430;0;0;86408;0
171;33822;0;665851;0;18997;0;70840;14526;0;0;86626;0
172;33721;0;640234;0;18940;0;75678;14453;0;0;86356;0
173;33809;0;618303;0;19124;0;68117;14660;0;0;86589;0
174;33796;0;588757;0;19127;0;72495;14657;0;0;86436;0
175;33714;0;639295;0;19116;0;82566;14460;0;0;86235;0
176;33772;0;650311;0;19188;0;73221;14716;0;0;86679;0
177;33762;0;618874;0;19158;0;75346;14757;0;0;86326;0
178;33778;0;630256;0;19074;0;72168;14646;0;0;86536;0
179;33796;0;671423;0;19108;0;69343;14723;0;0;86776;0
180;33774;0;644944;0;19201;0;73518;14613;0;0;86292;0
181;33799;0;609732;0;18218;0;67979;14348;0;0;86970;0
182;33812;0;600084;0;18127;0;66295;14402;0;0;87038;0
183;33804;0;623067;0;18001;0;65990;14391;0;0;87032;0
184;33811;0;637440;0;17975;0;65144;14325;0;0;87060;0
185;33807;0;646804;0;17934;0;64878;14238;0;0;87051;0
186;33807;0;628053;0;17894;0;65259;14332;0;0;87095;0
187;33801;0;632765;0;17853;0;65760;14291;0;0;87097;0
188;33796;0;639973;0;17782;0;65979;14294;0;0;87064;0
189;33789;0;663339;0;17762;0;65658;14358;0;0;87062;0
190;33794;0;666481;0;17752;0;65540;14268;0;0;86957;0
191;33798;0;669174;0;17742;0;65825;14251;0;0;86981;0
192;33790;0;672933;0;17731;0;65413;14252;0;0;86947;0
193;33803;0;672342;0;17743;0;65641;14249;0;0;86995;0
194;33792;0;676205;0;17712;0;65214;14251;0;0;86996;0
195;33793;0;678012;0;17684;0;65259;14245;0;0;87026;0
196;33800;0;674259;0;17685;0;65548;14254;0;0;86980;0
197;33791;0;670410;0;17666;0;65408;14271;0;0;87040;0
198;33794;0;671265;0;17624;0;65473;14275;0;0;87007;0
199;33793;0;641619;0;17618;0;66070;14280;0;0;87055;0
200;33783;0;669892;0;17596;0;65791;14285;0;0;87006;0
